caller,operation,path,start,end
main,info,ai-ref-arch/imagenet-mini/val,,
main,info,ai-ref-arch/imagenet-mini/val,,
main,info,ai-ref-arch/imagenet-mini/val,,
main,info,ai-ref-arch/imagenet-mini/val,,
main,ls,ai-ref-arch/imagenet-mini/val,,
main,ls,ai-ref-arch/imagenet-mini/val/n04252225,,
main,ls,ai-ref-arch/imagenet-mini/val/n03982430,,
main,ls,ai-ref-arch/imagenet-mini/val/n02093256,,
main,ls,ai-ref-arch/imagenet-mini/val/n03877472,,
main,ls,ai-ref-arch/imagenet-mini/val/n03733805,,
main,ls,ai-ref-arch/imagenet-mini/val/n10148035,,
main,ls,ai-ref-arch/imagenet-mini/val/n02687172,,
main,ls,ai-ref-arch/imagenet-mini/val/n01744401,,
main,ls,ai-ref-arch/imagenet-mini/val/n02483362,,
main,ls,ai-ref-arch/imagenet-mini/val/n02113186,,
main,ls,ai-ref-arch/imagenet-mini/val/n03785016,,
main,ls,ai-ref-arch/imagenet-mini/val/n03271574,,
main,ls,ai-ref-arch/imagenet-mini/val/n01582220,,
main,ls,ai-ref-arch/imagenet-mini/val/n02817516,,
main,ls,ai-ref-arch/imagenet-mini/val/n02791270,,
main,ls,ai-ref-arch/imagenet-mini/val/n03065424,,
main,ls,ai-ref-arch/imagenet-mini/val/n02927161,,
main,ls,ai-ref-arch/imagenet-mini/val/n01616318,,
main,ls,ai-ref-arch/imagenet-mini/val/n03956157,,
main,ls,ai-ref-arch/imagenet-mini/val/n03814906,,
main,ls,ai-ref-arch/imagenet-mini/val/n01981276,,
main,ls,ai-ref-arch/imagenet-mini/val/n01843383,,
main,ls,ai-ref-arch/imagenet-mini/val/n04325704,,
main,ls,ai-ref-arch/imagenet-mini/val/n02102040,,
main,ls,ai-ref-arch/imagenet-mini/val/n04355338,,
main,ls,ai-ref-arch/imagenet-mini/val/n02085620,,
main,ls,ai-ref-arch/imagenet-mini/val/n03372029,,
main,ls,ai-ref-arch/imagenet-mini/val/n03535780,,
main,ls,ai-ref-arch/imagenet-mini/val/n01798484,,
main,ls,ai-ref-arch/imagenet-mini/val/n03417042,,
main,ls,ai-ref-arch/imagenet-mini/val/n04330267,,
main,ls,ai-ref-arch/imagenet-mini/val/n03961711,,
main,ls,ai-ref-arch/imagenet-mini/val/n02130308,,
main,ls,ai-ref-arch/imagenet-mini/val/n02509815,,
main,ls,ai-ref-arch/imagenet-mini/val/n01983481,,
main,ls,ai-ref-arch/imagenet-mini/val/n02264363,,
main,ls,ai-ref-arch/imagenet-mini/val/n07802026,,
main,ls,ai-ref-arch/imagenet-mini/val/n04328186,,
main,ls,ai-ref-arch/imagenet-mini/val/n02441942,,
main,ls,ai-ref-arch/imagenet-mini/val/n02486410,,
main,ls,ai-ref-arch/imagenet-mini/val/n02280649,,
main,ls,ai-ref-arch/imagenet-mini/val/n04069434,,
main,ls,ai-ref-arch/imagenet-mini/val/n02120505,,
main,ls,ai-ref-arch/imagenet-mini/val/n02669723,,
main,ls,ai-ref-arch/imagenet-mini/val/n04542943,,
main,ls,ai-ref-arch/imagenet-mini/val/n02094114,,
main,ls,ai-ref-arch/imagenet-mini/val/n02804414,,
main,ls,ai-ref-arch/imagenet-mini/val/n04251144,,
main,ls,ai-ref-arch/imagenet-mini/val/n03595614,,
main,ls,ai-ref-arch/imagenet-mini/val/n03347037,,
main,ls,ai-ref-arch/imagenet-mini/val/n04116512,,
main,ls,ai-ref-arch/imagenet-mini/val/n02641379,,
main,ls,ai-ref-arch/imagenet-mini/val/n03761084,,
main,ls,ai-ref-arch/imagenet-mini/val/n02037110,,
main,ls,ai-ref-arch/imagenet-mini/val/n01950731,,
main,ls,ai-ref-arch/imagenet-mini/val/n02948072,,
main,ls,ai-ref-arch/imagenet-mini/val/n02091032,,
main,ls,ai-ref-arch/imagenet-mini/val/n04275548,,
main,ls,ai-ref-arch/imagenet-mini/val/n04153751,,
main,ls,ai-ref-arch/imagenet-mini/val/n03623198,,
main,ls,ai-ref-arch/imagenet-mini/val/n04136333,,
main,ls,ai-ref-arch/imagenet-mini/val/n04501370,,
main,ls,ai-ref-arch/imagenet-mini/val/n02492035,,
main,ls,ai-ref-arch/imagenet-mini/val/n03706229,,
main,ls,ai-ref-arch/imagenet-mini/val/n02403003,,
main,ls,ai-ref-arch/imagenet-mini/val/n03445777,,
main,ls,ai-ref-arch/imagenet-mini/val/n01807496,,
main,ls,ai-ref-arch/imagenet-mini/val/n03657121,,
main,ls,ai-ref-arch/imagenet-mini/val/n03085013,,
main,ls,ai-ref-arch/imagenet-mini/val/n02088094,,
main,ls,ai-ref-arch/imagenet-mini/val/n01675722,,
main,ls,ai-ref-arch/imagenet-mini/val/n01773157,,
main,ls,ai-ref-arch/imagenet-mini/val/n02526121,,
main,ls,ai-ref-arch/imagenet-mini/val/n02730930,,
main,ls,ai-ref-arch/imagenet-mini/val/n12620546,,
main,ls,ai-ref-arch/imagenet-mini/val/n02058221,,
main,ls,ai-ref-arch/imagenet-mini/val/n02119789,,
main,ls,ai-ref-arch/imagenet-mini/val/n03250847,,
main,ls,ai-ref-arch/imagenet-mini/val/n03710721,,
main,ls,ai-ref-arch/imagenet-mini/val/n04347754,,
main,ls,ai-ref-arch/imagenet-mini/val/n02086910,,
main,ls,ai-ref-arch/imagenet-mini/val/n02102480,,
main,ls,ai-ref-arch/imagenet-mini/val/n04090263,,
main,ls,ai-ref-arch/imagenet-mini/val/n04357314,,
main,ls,ai-ref-arch/imagenet-mini/val/n02389026,,
main,ls,ai-ref-arch/imagenet-mini/val/n03180011,,
main,ls,ai-ref-arch/imagenet-mini/val/n03944341,,
main,ls,ai-ref-arch/imagenet-mini/val/n04332243,,
main,ls,ai-ref-arch/imagenet-mini/val/n02101388,,
main,ls,ai-ref-arch/imagenet-mini/val/n04310018,,
main,ls,ai-ref-arch/imagenet-mini/val/n04606251,,
main,ls,ai-ref-arch/imagenet-mini/val/n03443371,,
main,ls,ai-ref-arch/imagenet-mini/val/n04399382,,
main,ls,ai-ref-arch/imagenet-mini/val/n02105505,,
main,ls,ai-ref-arch/imagenet-mini/val/n04461696,,
main,ls,ai-ref-arch/imagenet-mini/val/n04200800,,
main,ls,ai-ref-arch/imagenet-mini/val/n11879895,,
main,ls,ai-ref-arch/imagenet-mini/val/n02117135,,
main,ls,ai-ref-arch/imagenet-mini/val/n02281787,,
main,ls,ai-ref-arch/imagenet-mini/val/n03089624,,
main,ls,ai-ref-arch/imagenet-mini/val/n04350905,,
main,ls,ai-ref-arch/imagenet-mini/val/n02930766,,
main,ls,ai-ref-arch/imagenet-mini/val/n03903868,,
main,ls,ai-ref-arch/imagenet-mini/val/n04591713,,
main,ls,ai-ref-arch/imagenet-mini/val/n03201208,,
main,ls,ai-ref-arch/imagenet-mini/val/n03947888,,
main,ls,ai-ref-arch/imagenet-mini/val/n02397096,,
main,ls,ai-ref-arch/imagenet-mini/val/n03998194,,
main,ls,ai-ref-arch/imagenet-mini/val/n02172182,,
main,ls,ai-ref-arch/imagenet-mini/val/n01806143,,
main,ls,ai-ref-arch/imagenet-mini/val/n02051845,,
main,ls,ai-ref-arch/imagenet-mini/val/n03598930,,
main,ls,ai-ref-arch/imagenet-mini/val/n03447721,,
main,ls,ai-ref-arch/imagenet-mini/val/n02095889,,
main,ls,ai-ref-arch/imagenet-mini/val/n02643566,,
main,ls,ai-ref-arch/imagenet-mini/val/n12057211,,
main,ls,ai-ref-arch/imagenet-mini/val/n12998815,,
main,ls,ai-ref-arch/imagenet-mini/val/n02804610,,
main,ls,ai-ref-arch/imagenet-mini/val/n04380533,,
main,ls,ai-ref-arch/imagenet-mini/val/n03355925,,
main,ls,ai-ref-arch/imagenet-mini/val/n03891332,,
main,ls,ai-ref-arch/imagenet-mini/val/n01990800,,
main,ls,ai-ref-arch/imagenet-mini/val/n04398044,,
main,ls,ai-ref-arch/imagenet-mini/val/n13052670,,
main,ls,ai-ref-arch/imagenet-mini/val/n04179913,,
main,ls,ai-ref-arch/imagenet-mini/val/n04392985,,
main,ls,ai-ref-arch/imagenet-mini/val/n03017168,,
main,ls,ai-ref-arch/imagenet-mini/val/n03637318,,
main,ls,ai-ref-arch/imagenet-mini/val/n01580077,,
main,ls,ai-ref-arch/imagenet-mini/val/n02442845,,
main,ls,ai-ref-arch/imagenet-mini/val/n03255030,,
main,ls,ai-ref-arch/imagenet-mini/val/n04004767,,
main,ls,ai-ref-arch/imagenet-mini/val/n02123394,,
main,ls,ai-ref-arch/imagenet-mini/val/n02396427,,
main,ls,ai-ref-arch/imagenet-mini/val/n03538406,,
main,ls,ai-ref-arch/imagenet-mini/val/n04141327,,
main,ls,ai-ref-arch/imagenet-mini/val/n03788365,,
main,ls,ai-ref-arch/imagenet-mini/val/n01558993,,
main,ls,ai-ref-arch/imagenet-mini/val/n03787032,,
main,ls,ai-ref-arch/imagenet-mini/val/n04589890,,
main,ls,ai-ref-arch/imagenet-mini/val/n01749939,,
main,ls,ai-ref-arch/imagenet-mini/val/n01914609,,
main,ls,ai-ref-arch/imagenet-mini/val/n02105162,,
main,ls,ai-ref-arch/imagenet-mini/val/n03673027,,
main,ls,ai-ref-arch/imagenet-mini/val/n02109525,,
main,ls,ai-ref-arch/imagenet-mini/val/n03314780,,
main,ls,ai-ref-arch/imagenet-mini/val/n03461385,,
main,ls,ai-ref-arch/imagenet-mini/val/n04525305,,
main,ls,ai-ref-arch/imagenet-mini/val/n02123159,,
main,ls,ai-ref-arch/imagenet-mini/val/n02640242,,
main,ls,ai-ref-arch/imagenet-mini/val/n04371430,,
main,ls,ai-ref-arch/imagenet-mini/val/n04009552,,
main,ls,ai-ref-arch/imagenet-mini/val/n02090379,,
main,ls,ai-ref-arch/imagenet-mini/val/n02093647,,
main,ls,ai-ref-arch/imagenet-mini/val/n01817953,,
main,ls,ai-ref-arch/imagenet-mini/val/n02091467,,
main,ls,ai-ref-arch/imagenet-mini/val/n03450230,,
main,ls,ai-ref-arch/imagenet-mini/val/n03379051,,
main,ls,ai-ref-arch/imagenet-mini/val/n02009229,,
main,ls,ai-ref-arch/imagenet-mini/val/n02108422,,
main,ls,ai-ref-arch/imagenet-mini/val/n02107574,,
main,ls,ai-ref-arch/imagenet-mini/val/n04428191,,
main,ls,ai-ref-arch/imagenet-mini/val/n01734418,,
main,ls,ai-ref-arch/imagenet-mini/val/n02837789,,
main,ls,ai-ref-arch/imagenet-mini/val/n04599235,,
main,ls,ai-ref-arch/imagenet-mini/val/n03014705,,
main,ls,ai-ref-arch/imagenet-mini/val/n02910353,,
main,ls,ai-ref-arch/imagenet-mini/val/n03028079,,
main,ls,ai-ref-arch/imagenet-mini/val/n07711569,,
main,ls,ai-ref-arch/imagenet-mini/val/n02487347,,
main,ls,ai-ref-arch/imagenet-mini/val/n02444819,,
main,ls,ai-ref-arch/imagenet-mini/val/n03980874,,
main,ls,ai-ref-arch/imagenet-mini/val/n02092339,,
main,ls,ai-ref-arch/imagenet-mini/val/n02093428,,
main,ls,ai-ref-arch/imagenet-mini/val/n04579145,,
main,ls,ai-ref-arch/imagenet-mini/val/n04482393,,
main,ls,ai-ref-arch/imagenet-mini/val/n02091244,,
main,ls,ai-ref-arch/imagenet-mini/val/n03494278,,
main,ls,ai-ref-arch/imagenet-mini/val/n01665541,,
main,ls,ai-ref-arch/imagenet-mini/val/n04277352,,
main,ls,ai-ref-arch/imagenet-mini/val/n04127249,,
main,ls,ai-ref-arch/imagenet-mini/val/n07615774,,
main,ls,ai-ref-arch/imagenet-mini/val/n02486261,,
main,ls,ai-ref-arch/imagenet-mini/val/n04252077,,
main,ls,ai-ref-arch/imagenet-mini/val/n02361337,,
main,ls,ai-ref-arch/imagenet-mini/val/n04118538,,
main,ls,ai-ref-arch/imagenet-mini/val/n09399592,,
main,ls,ai-ref-arch/imagenet-mini/val/n03661043,,
main,ls,ai-ref-arch/imagenet-mini/val/n03742115,,
main,ls,ai-ref-arch/imagenet-mini/val/n04118776,,
main,ls,ai-ref-arch/imagenet-mini/val/n02107312,,
main,ls,ai-ref-arch/imagenet-mini/val/n02110958,,
main,ls,ai-ref-arch/imagenet-mini/val/n03769881,,
main,ls,ai-ref-arch/imagenet-mini/val/n03291819,,
main,ls,ai-ref-arch/imagenet-mini/val/n02786058,,
main,ls,ai-ref-arch/imagenet-mini/val/n01871265,,
main,ls,ai-ref-arch/imagenet-mini/val/n01877812,,
main,ls,ai-ref-arch/imagenet-mini/val/n02999410,,
main,ls,ai-ref-arch/imagenet-mini/val/n02138441,,
main,ls,ai-ref-arch/imagenet-mini/val/n02134084,,
main,ls,ai-ref-arch/imagenet-mini/val/n04254680,,
main,ls,ai-ref-arch/imagenet-mini/val/n01806567,,
main,ls,ai-ref-arch/imagenet-mini/val/n04562935,,
main,ls,ai-ref-arch/imagenet-mini/val/n04209239,,
main,ls,ai-ref-arch/imagenet-mini/val/n03743016,,
main,ls,ai-ref-arch/imagenet-mini/val/n02109961,,
main,ls,ai-ref-arch/imagenet-mini/val/n04418357,,
main,ls,ai-ref-arch/imagenet-mini/val/n02066245,,
main,ls,ai-ref-arch/imagenet-mini/val/n02104029,,
main,ls,ai-ref-arch/imagenet-mini/val/n07730033,,
main,ls,ai-ref-arch/imagenet-mini/val/n03457902,,
main,ls,ai-ref-arch/imagenet-mini/val/n01755581,,
main,ls,ai-ref-arch/imagenet-mini/val/n03476684,,
main,ls,ai-ref-arch/imagenet-mini/val/n04067472,,
main,ls,ai-ref-arch/imagenet-mini/val/n04536866,,
main,ls,ai-ref-arch/imagenet-mini/val/n03594945,,
main,ls,ai-ref-arch/imagenet-mini/val/n01687978,,
main,ls,ai-ref-arch/imagenet-mini/val/n04243546,,
main,ls,ai-ref-arch/imagenet-mini/val/n03445924,,
main,ls,ai-ref-arch/imagenet-mini/val/n09288635,,
main,ls,ai-ref-arch/imagenet-mini/val/n02086079,,
main,ls,ai-ref-arch/imagenet-mini/val/n01641577,,
main,ls,ai-ref-arch/imagenet-mini/val/n03775071,,
main,ls,ai-ref-arch/imagenet-mini/val/n02883205,,
main,ls,ai-ref-arch/imagenet-mini/val/n04356056,,
main,ls,ai-ref-arch/imagenet-mini/val/n02988304,,
main,ls,ai-ref-arch/imagenet-mini/val/n01560419,,
main,ls,ai-ref-arch/imagenet-mini/val/n03594734,,
main,ls,ai-ref-arch/imagenet-mini/val/n02939185,,
main,ls,ai-ref-arch/imagenet-mini/val/n02231487,,
main,ls,ai-ref-arch/imagenet-mini/val/n02494079,,
main,ls,ai-ref-arch/imagenet-mini/val/n07579787,,
main,ls,ai-ref-arch/imagenet-mini/val/n02124075,,
main,ls,ai-ref-arch/imagenet-mini/val/n07754684,,
main,ls,ai-ref-arch/imagenet-mini/val/n09472597,,
main,ls,ai-ref-arch/imagenet-mini/val/n07753113,,
main,ls,ai-ref-arch/imagenet-mini/val/n03045698,,
main,ls,ai-ref-arch/imagenet-mini/val/n04065272,,
main,ls,ai-ref-arch/imagenet-mini/val/n04141975,,
main,ls,ai-ref-arch/imagenet-mini/val/n02769748,,
main,ls,ai-ref-arch/imagenet-mini/val/n04125021,,
main,ls,ai-ref-arch/imagenet-mini/val/n01630670,,
main,ls,ai-ref-arch/imagenet-mini/val/n01698640,,
main,ls,ai-ref-arch/imagenet-mini/val/n04239074,,
main,ls,ai-ref-arch/imagenet-mini/val/n02093859,,
main,ls,ai-ref-arch/imagenet-mini/val/n02106662,,
main,ls,ai-ref-arch/imagenet-mini/val/n04311174,,
main,ls,ai-ref-arch/imagenet-mini/val/n07753592,,
main,ls,ai-ref-arch/imagenet-mini/val/n02445715,,
main,ls,ai-ref-arch/imagenet-mini/val/n01818515,,
main,ls,ai-ref-arch/imagenet-mini/val/n03530642,,
main,ls,ai-ref-arch/imagenet-mini/val/n09468604,,
main,ls,ai-ref-arch/imagenet-mini/val/n02097298,,
main,ls,ai-ref-arch/imagenet-mini/val/n04146614,,
main,ls,ai-ref-arch/imagenet-mini/val/n03786901,,
main,ls,ai-ref-arch/imagenet-mini/val/n04133789,,
main,ls,ai-ref-arch/imagenet-mini/val/n02823750,,
main,ls,ai-ref-arch/imagenet-mini/val/n03290653,,
main,ls,ai-ref-arch/imagenet-mini/val/n02028035,,
main,ls,ai-ref-arch/imagenet-mini/val/n03000247,,
main,ls,ai-ref-arch/imagenet-mini/val/n04523525,,
main,ls,ai-ref-arch/imagenet-mini/val/n03721384,,
main,ls,ai-ref-arch/imagenet-mini/val/n04044716,,
main,ls,ai-ref-arch/imagenet-mini/val/n01917289,,
main,ls,ai-ref-arch/imagenet-mini/val/n03630383,,
main,ls,ai-ref-arch/imagenet-mini/val/n01496331,,
main,ls,ai-ref-arch/imagenet-mini/val/n07873807,,
main,ls,ai-ref-arch/imagenet-mini/val/n02097047,,
main,ls,ai-ref-arch/imagenet-mini/val/n02113978,,
main,ls,ai-ref-arch/imagenet-mini/val/n02114855,,
main,ls,ai-ref-arch/imagenet-mini/val/n02443114,,
main,ls,ai-ref-arch/imagenet-mini/val/n03124043,,
main,ls,ai-ref-arch/imagenet-mini/val/n03933933,,
main,ls,ai-ref-arch/imagenet-mini/val/n04372370,,
main,ls,ai-ref-arch/imagenet-mini/val/n04613696,,
main,ls,ai-ref-arch/imagenet-mini/val/n01829413,,
main,ls,ai-ref-arch/imagenet-mini/val/n03838899,,
main,ls,ai-ref-arch/imagenet-mini/val/n02259212,,
main,ls,ai-ref-arch/imagenet-mini/val/n01770393,,
main,ls,ai-ref-arch/imagenet-mini/val/n01774750,,
main,ls,ai-ref-arch/imagenet-mini/val/n07860988,,
main,ls,ai-ref-arch/imagenet-mini/val/n02966193,,
main,ls,ai-ref-arch/imagenet-mini/val/n07742313,,
main,ls,ai-ref-arch/imagenet-mini/val/n03976657,,
main,ls,ai-ref-arch/imagenet-mini/val/n01440764,,
main,ls,ai-ref-arch/imagenet-mini/val/n02892767,,
main,ls,ai-ref-arch/imagenet-mini/val/n07718472,,
main,ls,ai-ref-arch/imagenet-mini/val/n02363005,,
main,ls,ai-ref-arch/imagenet-mini/val/n04008634,,
main,ls,ai-ref-arch/imagenet-mini/val/n04209133,,
main,ls,ai-ref-arch/imagenet-mini/val/n02088364,,
main,ls,ai-ref-arch/imagenet-mini/val/n02481823,,
main,ls,ai-ref-arch/imagenet-mini/val/n02113712,,
main,ls,ai-ref-arch/imagenet-mini/val/n03196217,,
main,ls,ai-ref-arch/imagenet-mini/val/n06785654,,
main,ls,ai-ref-arch/imagenet-mini/val/n06794110,,
main,ls,ai-ref-arch/imagenet-mini/val/n03733131,,
main,ls,ai-ref-arch/imagenet-mini/val/n03781244,,
main,ls,ai-ref-arch/imagenet-mini/val/n03400231,,
main,ls,ai-ref-arch/imagenet-mini/val/n02168699,,
main,ls,ai-ref-arch/imagenet-mini/val/n02536864,,
main,ls,ai-ref-arch/imagenet-mini/val/n03388183,,
main,ls,ai-ref-arch/imagenet-mini/val/n02120079,,
main,ls,ai-ref-arch/imagenet-mini/val/n03792782,,
main,ls,ai-ref-arch/imagenet-mini/val/n04486054,,
main,ls,ai-ref-arch/imagenet-mini/val/n09835506,,
main,ls,ai-ref-arch/imagenet-mini/val/n02090622,,
main,ls,ai-ref-arch/imagenet-mini/val/n02950826,,
main,ls,ai-ref-arch/imagenet-mini/val/n02100877,,
main,ls,ai-ref-arch/imagenet-mini/val/n03452741,,
main,ls,ai-ref-arch/imagenet-mini/val/n03888605,,
main,ls,ai-ref-arch/imagenet-mini/val/n04597913,,
main,ls,ai-ref-arch/imagenet-mini/val/n03930630,,
main,ls,ai-ref-arch/imagenet-mini/val/n02098105,,
main,ls,ai-ref-arch/imagenet-mini/val/n03345487,,
main,ls,ai-ref-arch/imagenet-mini/val/n02398521,,
main,ls,ai-ref-arch/imagenet-mini/val/n03344393,,
main,ls,ai-ref-arch/imagenet-mini/val/n03977966,,
main,ls,ai-ref-arch/imagenet-mini/val/n04019541,,
main,ls,ai-ref-arch/imagenet-mini/val/n04476259,,
main,ls,ai-ref-arch/imagenet-mini/val/n04532670,,
main,ls,ai-ref-arch/imagenet-mini/val/n01768244,,
main,ls,ai-ref-arch/imagenet-mini/val/n04509417,,
main,ls,ai-ref-arch/imagenet-mini/val/n02123597,,
main,ls,ai-ref-arch/imagenet-mini/val/n12144580,,
main,ls,ai-ref-arch/imagenet-mini/val/n01693334,,
main,ls,ai-ref-arch/imagenet-mini/val/n03527444,,
main,ls,ai-ref-arch/imagenet-mini/val/n03983396,,
main,ls,ai-ref-arch/imagenet-mini/val/n04487394,,
main,ls,ai-ref-arch/imagenet-mini/val/n02099429,,
main,ls,ai-ref-arch/imagenet-mini/val/n02089867,,
main,ls,ai-ref-arch/imagenet-mini/val/n03908714,,
main,ls,ai-ref-arch/imagenet-mini/val/n03825788,,
main,ls,ai-ref-arch/imagenet-mini/val/n03840681,,
main,ls,ai-ref-arch/imagenet-mini/val/n03529860,,
main,ls,ai-ref-arch/imagenet-mini/val/n02133161,,
main,ls,ai-ref-arch/imagenet-mini/val/n02667093,,
main,ls,ai-ref-arch/imagenet-mini/val/n07717556,,
main,ls,ai-ref-arch/imagenet-mini/val/n03995372,,
main,ls,ai-ref-arch/imagenet-mini/val/n07565083,,
main,ls,ai-ref-arch/imagenet-mini/val/n02977058,,
main,ls,ai-ref-arch/imagenet-mini/val/n02106166,,
main,ls,ai-ref-arch/imagenet-mini/val/n07892512,,
main,ls,ai-ref-arch/imagenet-mini/val/n04039381,,
main,ls,ai-ref-arch/imagenet-mini/val/n03127747,,
main,ls,ai-ref-arch/imagenet-mini/val/n02125311,,
main,ls,ai-ref-arch/imagenet-mini/val/n03197337,,
main,ls,ai-ref-arch/imagenet-mini/val/n02808304,,
main,ls,ai-ref-arch/imagenet-mini/val/n03498962,,
main,ls,ai-ref-arch/imagenet-mini/val/n04554684,,
main,ls,ai-ref-arch/imagenet-mini/val/n02916936,,
main,ls,ai-ref-arch/imagenet-mini/val/n02111500,,
main,ls,ai-ref-arch/imagenet-mini/val/n03814639,,
main,ls,ai-ref-arch/imagenet-mini/val/n03179701,,
main,ls,ai-ref-arch/imagenet-mini/val/n02167151,,
main,ls,ai-ref-arch/imagenet-mini/val/n01614925,,
main,ls,ai-ref-arch/imagenet-mini/val/n04259630,,
main,ls,ai-ref-arch/imagenet-mini/val/n03950228,,
main,ls,ai-ref-arch/imagenet-mini/val/n04591157,,
main,ls,ai-ref-arch/imagenet-mini/val/n07831146,,
main,ls,ai-ref-arch/imagenet-mini/val/n07836838,,
main,ls,ai-ref-arch/imagenet-mini/val/n02510455,,
main,ls,ai-ref-arch/imagenet-mini/val/n02317335,,
main,ls,ai-ref-arch/imagenet-mini/val/n04540053,,
main,ls,ai-ref-arch/imagenet-mini/val/n02096177,,
main,ls,ai-ref-arch/imagenet-mini/val/n02137549,,
main,ls,ai-ref-arch/imagenet-mini/val/n01756291,,
main,ls,ai-ref-arch/imagenet-mini/val/n02106382,,
main,ls,ai-ref-arch/imagenet-mini/val/n03697007,,
main,ls,ai-ref-arch/imagenet-mini/val/n02190166,,
main,ls,ai-ref-arch/imagenet-mini/val/n02105056,,
main,ls,ai-ref-arch/imagenet-mini/val/n02422699,,
main,ls,ai-ref-arch/imagenet-mini/val/n03485407,,
main,ls,ai-ref-arch/imagenet-mini/val/n03929660,,
main,ls,ai-ref-arch/imagenet-mini/val/n01622779,,
main,ls,ai-ref-arch/imagenet-mini/val/n07871810,,
main,ls,ai-ref-arch/imagenet-mini/val/n03942813,,
main,ls,ai-ref-arch/imagenet-mini/val/n13037406,,
main,ls,ai-ref-arch/imagenet-mini/val/n02666196,,
main,ls,ai-ref-arch/imagenet-mini/val/n04273569,,
main,ls,ai-ref-arch/imagenet-mini/val/n02107908,,
main,ls,ai-ref-arch/imagenet-mini/val/n02112018,,
main,ls,ai-ref-arch/imagenet-mini/val/n02802426,,
main,ls,ai-ref-arch/imagenet-mini/val/n02009912,,
main,ls,ai-ref-arch/imagenet-mini/val/n03259280,,
main,ls,ai-ref-arch/imagenet-mini/val/n02787622,,
main,ls,ai-ref-arch/imagenet-mini/val/n07715103,,
main,ls,ai-ref-arch/imagenet-mini/val/n07880968,,
main,ls,ai-ref-arch/imagenet-mini/val/n03376595,,
main,ls,ai-ref-arch/imagenet-mini/val/n02484975,,
main,ls,ai-ref-arch/imagenet-mini/val/n02980441,,
main,ls,ai-ref-arch/imagenet-mini/val/n03100240,,
main,ls,ai-ref-arch/imagenet-mini/val/n03187595,,
main,ls,ai-ref-arch/imagenet-mini/val/n12985857,,
main,ls,ai-ref-arch/imagenet-mini/val/n03208938,,
main,ls,ai-ref-arch/imagenet-mini/val/n02794156,,
main,ls,ai-ref-arch/imagenet-mini/val/n02097209,,
main,ls,ai-ref-arch/imagenet-mini/val/n04040759,,
main,ls,ai-ref-arch/imagenet-mini/val/n03041632,,
main,ls,ai-ref-arch/imagenet-mini/val/n07768694,,
main,ls,ai-ref-arch/imagenet-mini/val/n07875152,,
main,ls,ai-ref-arch/imagenet-mini/val/n04081281,,
main,ls,ai-ref-arch/imagenet-mini/val/n02110063,,
main,ls,ai-ref-arch/imagenet-mini/val/n03240683,,
main,ls,ai-ref-arch/imagenet-mini/val/n04264628,,
main,ls,ai-ref-arch/imagenet-mini/val/n03532672,,
main,ls,ai-ref-arch/imagenet-mini/val/n03272010,,
main,ls,ai-ref-arch/imagenet-mini/val/n03670208,,
main,ls,ai-ref-arch/imagenet-mini/val/n01629819,,
main,ls,ai-ref-arch/imagenet-mini/val/n07749582,,
main,ls,ai-ref-arch/imagenet-mini/val/n01796340,,
main,ls,ai-ref-arch/imagenet-mini/val/n03492542,,
main,ls,ai-ref-arch/imagenet-mini/val/n02981792,,
main,ls,ai-ref-arch/imagenet-mini/val/n02877765,,
main,ls,ai-ref-arch/imagenet-mini/val/n02097474,,
main,ls,ai-ref-arch/imagenet-mini/val/n01592084,,
main,ls,ai-ref-arch/imagenet-mini/val/n02356798,,
main,ls,ai-ref-arch/imagenet-mini/val/n01532829,,
main,ls,ai-ref-arch/imagenet-mini/val/n02417914,,
main,ls,ai-ref-arch/imagenet-mini/val/n04404412,,
main,ls,ai-ref-arch/imagenet-mini/val/n03929855,,
main,ls,ai-ref-arch/imagenet-mini/val/n02814860,,
main,ls,ai-ref-arch/imagenet-mini/val/n03131574,,
main,ls,ai-ref-arch/imagenet-mini/val/n04049303,,
main,ls,ai-ref-arch/imagenet-mini/val/n03899768,,
main,ls,ai-ref-arch/imagenet-mini/val/n01735189,,
main,ls,ai-ref-arch/imagenet-mini/val/n03393912,,
main,ls,ai-ref-arch/imagenet-mini/val/n02992211,,
main,ls,ai-ref-arch/imagenet-mini/val/n04612504,,
main,ls,ai-ref-arch/imagenet-mini/val/n02074367,,
main,ls,ai-ref-arch/imagenet-mini/val/n02113799,,
main,ls,ai-ref-arch/imagenet-mini/val/n01729977,,
main,ls,ai-ref-arch/imagenet-mini/val/n02006656,,
main,ls,ai-ref-arch/imagenet-mini/val/n02165105,,
main,ls,ai-ref-arch/imagenet-mini/val/n04458633,,
main,ls,ai-ref-arch/imagenet-mini/val/n02879718,,
main,ls,ai-ref-arch/imagenet-mini/val/n04204347,,
main,ls,ai-ref-arch/imagenet-mini/val/n03127925,,
main,ls,ai-ref-arch/imagenet-mini/val/n03791053,,
main,ls,ai-ref-arch/imagenet-mini/val/n01729322,,
main,ls,ai-ref-arch/imagenet-mini/val/n02100236,,
main,ls,ai-ref-arch/imagenet-mini/val/n02488291,,
main,ls,ai-ref-arch/imagenet-mini/val/n02097658,,
main,ls,ai-ref-arch/imagenet-mini/val/n02111129,,
main,ls,ai-ref-arch/imagenet-mini/val/n02655020,,
main,ls,ai-ref-arch/imagenet-mini/val/n02672831,,
main,ls,ai-ref-arch/imagenet-mini/val/n02865351,,
main,ls,ai-ref-arch/imagenet-mini/val/n07248320,,
main,ls,ai-ref-arch/imagenet-mini/val/n03459775,,
main,ls,ai-ref-arch/imagenet-mini/val/n03223299,,
main,ls,ai-ref-arch/imagenet-mini/val/n04584207,,
main,ls,ai-ref-arch/imagenet-mini/val/n03095699,,
main,ls,ai-ref-arch/imagenet-mini/val/n02109047,,
main,ls,ai-ref-arch/imagenet-mini/val/n03444034,,
main,ls,ai-ref-arch/imagenet-mini/val/n02793495,,
main,ls,ai-ref-arch/imagenet-mini/val/n02101556,,
main,ls,ai-ref-arch/imagenet-mini/val/n02119022,,
main,ls,ai-ref-arch/imagenet-mini/val/n02134418,,
main,ls,ai-ref-arch/imagenet-mini/val/n03793489,,
main,ls,ai-ref-arch/imagenet-mini/val/n04229816,,
main,ls,ai-ref-arch/imagenet-mini/val/n02971356,,
main,ls,ai-ref-arch/imagenet-mini/val/n03063689,,
main,ls,ai-ref-arch/imagenet-mini/val/n03843555,,
main,ls,ai-ref-arch/imagenet-mini/val/n04238763,,
main,ls,ai-ref-arch/imagenet-mini/val/n06359193,,
main,ls,ai-ref-arch/imagenet-mini/val/n01882714,,
main,ls,ai-ref-arch/imagenet-mini/val/n03666591,,
main,ls,ai-ref-arch/imagenet-mini/val/n02018207,,
main,ls,ai-ref-arch/imagenet-mini/val/n04120489,,
main,ls,ai-ref-arch/imagenet-mini/val/n01644373,,
main,ls,ai-ref-arch/imagenet-mini/val/n01748264,,
main,ls,ai-ref-arch/imagenet-mini/val/n02096585,,
main,ls,ai-ref-arch/imagenet-mini/val/n03868863,,
main,ls,ai-ref-arch/imagenet-mini/val/n03841143,,
main,ls,ai-ref-arch/imagenet-mini/val/n02007558,,
main,ls,ai-ref-arch/imagenet-mini/val/n02489166,,
main,ls,ai-ref-arch/imagenet-mini/val/n03125729,,
main,ls,ai-ref-arch/imagenet-mini/val/n02437312,,
main,ls,ai-ref-arch/imagenet-mini/val/n02115913,,
main,ls,ai-ref-arch/imagenet-mini/val/n04505470,,
main,ls,ai-ref-arch/imagenet-mini/val/n04201297,,
main,ls,ai-ref-arch/imagenet-mini/val/n03764736,,
main,ls,ai-ref-arch/imagenet-mini/val/n04111531,,
main,ls,ai-ref-arch/imagenet-mini/val/n02099849,,
main,ls,ai-ref-arch/imagenet-mini/val/n03874293,,
main,ls,ai-ref-arch/imagenet-mini/val/n03876231,,
main,ls,ai-ref-arch/imagenet-mini/val/n04258138,,
main,ls,ai-ref-arch/imagenet-mini/val/n02099601,,
main,ls,ai-ref-arch/imagenet-mini/val/n03388549,,
main,ls,ai-ref-arch/imagenet-mini/val/n02071294,,
main,ls,ai-ref-arch/imagenet-mini/val/n03584254,,
main,ls,ai-ref-arch/imagenet-mini/val/n02747177,,
main,ls,ai-ref-arch/imagenet-mini/val/n02906734,,
main,ls,ai-ref-arch/imagenet-mini/val/n03902125,,
main,ls,ai-ref-arch/imagenet-mini/val/n01797886,,
main,ls,ai-ref-arch/imagenet-mini/val/n01601694,,
main,ls,ai-ref-arch/imagenet-mini/val/n01694178,,
main,ls,ai-ref-arch/imagenet-mini/val/n03584829,,
main,ls,ai-ref-arch/imagenet-mini/val/n02177972,,
main,ls,ai-ref-arch/imagenet-mini/val/n02095314,,
main,ls,ai-ref-arch/imagenet-mini/val/n03337140,,
main,ls,ai-ref-arch/imagenet-mini/val/n04479046,,
main,ls,ai-ref-arch/imagenet-mini/val/n04483307,,
main,ls,ai-ref-arch/imagenet-mini/val/n13133613,,
main,ls,ai-ref-arch/imagenet-mini/val/n02276258,,
main,ls,ai-ref-arch/imagenet-mini/val/n02102177,,
main,ls,ai-ref-arch/imagenet-mini/val/n01753488,,
main,ls,ai-ref-arch/imagenet-mini/val/n01537544,,
main,ls,ai-ref-arch/imagenet-mini/val/n02692877,,
main,ls,ai-ref-arch/imagenet-mini/val/n01855032,,
main,ls,ai-ref-arch/imagenet-mini/val/n02909870,,
main,ls,ai-ref-arch/imagenet-mini/val/n01697457,,
main,ls,ai-ref-arch/imagenet-mini/val/n02002556,,
main,ls,ai-ref-arch/imagenet-mini/val/n03075370,,
main,ls,ai-ref-arch/imagenet-mini/val/n03633091,,
main,ls,ai-ref-arch/imagenet-mini/val/n03642806,,
main,ls,ai-ref-arch/imagenet-mini/val/n02268853,,
main,ls,ai-ref-arch/imagenet-mini/val/n04263257,,
main,ls,ai-ref-arch/imagenet-mini/val/n03924679,,
main,ls,ai-ref-arch/imagenet-mini/val/n02488702,,
main,ls,ai-ref-arch/imagenet-mini/val/n03709823,,
main,ls,ai-ref-arch/imagenet-mini/val/n03832673,,
main,ls,ai-ref-arch/imagenet-mini/val/n04317175,,
main,ls,ai-ref-arch/imagenet-mini/val/n03018349,,
main,ls,ai-ref-arch/imagenet-mini/val/n04548362,,
main,ls,ai-ref-arch/imagenet-mini/val/n02447366,,
main,ls,ai-ref-arch/imagenet-mini/val/n02965783,,
main,ls,ai-ref-arch/imagenet-mini/val/n03775546,,
main,ls,ai-ref-arch/imagenet-mini/val/n04515003,,
main,ls,ai-ref-arch/imagenet-mini/val/n02095570,,
main,ls,ai-ref-arch/imagenet-mini/val/n03063599,,
main,ls,ai-ref-arch/imagenet-mini/val/n01984695,,
main,ls,ai-ref-arch/imagenet-mini/val/n02699494,,
main,ls,ai-ref-arch/imagenet-mini/val/n01740131,,
main,ls,ai-ref-arch/imagenet-mini/val/n02514041,,
main,ls,ai-ref-arch/imagenet-mini/val/n01955084,,
main,ls,ai-ref-arch/imagenet-mini/val/n02497673,,
main,ls,ai-ref-arch/imagenet-mini/val/n04204238,,
main,ls,ai-ref-arch/imagenet-mini/val/n04254777,,
main,ls,ai-ref-arch/imagenet-mini/val/n04525038,,
main,ls,ai-ref-arch/imagenet-mini/val/n13040303,,
main,ls,ai-ref-arch/imagenet-mini/val/n03935335,,
main,ls,ai-ref-arch/imagenet-mini/val/n07693725,,
main,ls,ai-ref-arch/imagenet-mini/val/n01739381,,
main,ls,ai-ref-arch/imagenet-mini/val/n02033041,,
main,ls,ai-ref-arch/imagenet-mini/val/n02708093,,
main,ls,ai-ref-arch/imagenet-mini/val/n02504013,,
main,ls,ai-ref-arch/imagenet-mini/val/n03888257,,
main,ls,ai-ref-arch/imagenet-mini/val/n04286575,,
main,ls,ai-ref-arch/imagenet-mini/val/n02415577,,
main,ls,ai-ref-arch/imagenet-mini/val/n01669191,,
main,ls,ai-ref-arch/imagenet-mini/val/n02974003,,
main,ls,ai-ref-arch/imagenet-mini/val/n02105412,,
main,ls,ai-ref-arch/imagenet-mini/val/n01644900,,
main,ls,ai-ref-arch/imagenet-mini/val/n03110669,,
main,ls,ai-ref-arch/imagenet-mini/val/n04285008,,
main,ls,ai-ref-arch/imagenet-mini/val/n02089078,,
main,ls,ai-ref-arch/imagenet-mini/val/n07583066,,
main,ls,ai-ref-arch/imagenet-mini/val/n01776313,,
main,ls,ai-ref-arch/imagenet-mini/val/n03662601,,
main,ls,ai-ref-arch/imagenet-mini/val/n01498041,,
main,ls,ai-ref-arch/imagenet-mini/val/n02092002,,
main,ls,ai-ref-arch/imagenet-mini/val/n03720891,,
main,ls,ai-ref-arch/imagenet-mini/val/n02108915,,
main,ls,ai-ref-arch/imagenet-mini/val/n02701002,,
main,ls,ai-ref-arch/imagenet-mini/val/n02281406,,
main,ls,ai-ref-arch/imagenet-mini/val/n04493381,,
main,ls,ai-ref-arch/imagenet-mini/val/n02951358,,
main,ls,ai-ref-arch/imagenet-mini/val/n02113023,,
main,ls,ai-ref-arch/imagenet-mini/val/n01695060,,
main,ls,ai-ref-arch/imagenet-mini/val/n04367480,,
main,ls,ai-ref-arch/imagenet-mini/val/n02777292,,
main,ls,ai-ref-arch/imagenet-mini/val/n04074963,,
main,ls,ai-ref-arch/imagenet-mini/val/n02791124,,
main,ls,ai-ref-arch/imagenet-mini/val/n01514859,,
main,ls,ai-ref-arch/imagenet-mini/val/n02105641,,
main,ls,ai-ref-arch/imagenet-mini/val/n03794056,,
main,ls,ai-ref-arch/imagenet-mini/val/n07716906,,
main,ls,ai-ref-arch/imagenet-mini/val/n02841315,,
main,ls,ai-ref-arch/imagenet-mini/val/n03146219,,
main,ls,ai-ref-arch/imagenet-mini/val/n03478589,,
main,ls,ai-ref-arch/imagenet-mini/val/n02319095,,
main,ls,ai-ref-arch/imagenet-mini/val/n01872401,,
main,ls,ai-ref-arch/imagenet-mini/val/n04553703,,
main,ls,ai-ref-arch/imagenet-mini/val/n03404251,,
main,ls,ai-ref-arch/imagenet-mini/val/n01843065,,
main,ls,ai-ref-arch/imagenet-mini/val/n02799071,,
main,ls,ai-ref-arch/imagenet-mini/val/n07614500,,
main,ls,ai-ref-arch/imagenet-mini/val/n02412080,,
main,ls,ai-ref-arch/imagenet-mini/val/n07590611,,
main,ls,ai-ref-arch/imagenet-mini/val/n10565667,,
main,ls,ai-ref-arch/imagenet-mini/val/n03384352,,
main,ls,ai-ref-arch/imagenet-mini/val/n12768682,,
main,ls,ai-ref-arch/imagenet-mini/val/n02128385,,
main,ls,ai-ref-arch/imagenet-mini/val/n02174001,,
main,ls,ai-ref-arch/imagenet-mini/val/n02127052,,
main,ls,ai-ref-arch/imagenet-mini/val/n01944390,,
main,ls,ai-ref-arch/imagenet-mini/val/n02992529,,
main,ls,ai-ref-arch/imagenet-mini/val/n02895154,,
main,ls,ai-ref-arch/imagenet-mini/val/n01824575,,
main,ls,ai-ref-arch/imagenet-mini/val/n03710637,,
main,ls,ai-ref-arch/imagenet-mini/val/n03920288,,
main,ls,ai-ref-arch/imagenet-mini/val/n07714990,,
main,ls,ai-ref-arch/imagenet-mini/val/n02105855,,
main,ls,ai-ref-arch/imagenet-mini/val/n01774384,,
main,ls,ai-ref-arch/imagenet-mini/val/n02094433,,
main,ls,ai-ref-arch/imagenet-mini/val/n03216828,,
main,ls,ai-ref-arch/imagenet-mini/val/n03777754,,
main,ls,ai-ref-arch/imagenet-mini/val/n02504458,,
main,ls,ai-ref-arch/imagenet-mini/val/n02025239,,
main,ls,ai-ref-arch/imagenet-mini/val/n04366367,,
main,ls,ai-ref-arch/imagenet-mini/val/n02951585,,
main,ls,ai-ref-arch/imagenet-mini/val/n03871628,,
main,ls,ai-ref-arch/imagenet-mini/val/n02840245,,
main,ls,ai-ref-arch/imagenet-mini/val/n02814533,,
main,ls,ai-ref-arch/imagenet-mini/val/n03854065,,
main,ls,ai-ref-arch/imagenet-mini/val/n02606052,,
main,ls,ai-ref-arch/imagenet-mini/val/n04026417,,
main,ls,ai-ref-arch/imagenet-mini/val/n03599486,,
main,ls,ai-ref-arch/imagenet-mini/val/n03868242,,
main,ls,ai-ref-arch/imagenet-mini/val/n04311004,,
main,ls,ai-ref-arch/imagenet-mini/val/n03160309,,
main,ls,ai-ref-arch/imagenet-mini/val/n01986214,,
main,ls,ai-ref-arch/imagenet-mini/val/n04254120,,
main,ls,ai-ref-arch/imagenet-mini/val/n02002724,,
main,ls,ai-ref-arch/imagenet-mini/val/n03803284,,
main,ls,ai-ref-arch/imagenet-mini/val/n01985128,,
main,ls,ai-ref-arch/imagenet-mini/val/n02326432,,
main,ls,ai-ref-arch/imagenet-mini/val/n03476991,,
main,ls,ai-ref-arch/imagenet-mini/val/n01443537,,
main,ls,ai-ref-arch/imagenet-mini/val/n02277742,,
main,ls,ai-ref-arch/imagenet-mini/val/n03627232,,
main,ls,ai-ref-arch/imagenet-mini/val/n02108551,,
main,ls,ai-ref-arch/imagenet-mini/val/n03895866,,
main,ls,ai-ref-arch/imagenet-mini/val/n03992509,,
main,ls,ai-ref-arch/imagenet-mini/val/n02123045,,
main,ls,ai-ref-arch/imagenet-mini/val/n01534433,,
main,ls,ai-ref-arch/imagenet-mini/val/n02110627,,
main,ls,ai-ref-arch/imagenet-mini/val/n02676566,,
main,ls,ai-ref-arch/imagenet-mini/val/n02788148,,
main,ls,ai-ref-arch/imagenet-mini/val/n04162706,,
main,ls,ai-ref-arch/imagenet-mini/val/n01631663,,
main,ls,ai-ref-arch/imagenet-mini/val/n04023962,,
main,ls,ai-ref-arch/imagenet-mini/val/n04265275,,
main,ls,ai-ref-arch/imagenet-mini/val/n03967562,,
main,ls,ai-ref-arch/imagenet-mini/val/n04208210,,
main,ls,ai-ref-arch/imagenet-mini/val/n04336792,,
main,ls,ai-ref-arch/imagenet-mini/val/n02091134,,
main,ls,ai-ref-arch/imagenet-mini/val/n03495258,,
main,ls,ai-ref-arch/imagenet-mini/val/n04335435,,
main,ls,ai-ref-arch/imagenet-mini/val/n01945685,,
main,ls,ai-ref-arch/imagenet-mini/val/n01531178,,
main,ls,ai-ref-arch/imagenet-mini/val/n02169497,,
main,ls,ai-ref-arch/imagenet-mini/val/n02834397,,
main,ls,ai-ref-arch/imagenet-mini/val/n03777568,,
main,ls,ai-ref-arch/imagenet-mini/val/n04235860,,
main,ls,ai-ref-arch/imagenet-mini/val/n01608432,,
main,ls,ai-ref-arch/imagenet-mini/val/n02085936,,
main,ls,ai-ref-arch/imagenet-mini/val/n04517823,,
main,ls,ai-ref-arch/imagenet-mini/val/n02268443,,
main,ls,ai-ref-arch/imagenet-mini/val/n03042490,,
main,ls,ai-ref-arch/imagenet-mini/val/n03218198,,
main,ls,ai-ref-arch/imagenet-mini/val/n07930864,,
main,ls,ai-ref-arch/imagenet-mini/val/n01828970,,
main,ls,ai-ref-arch/imagenet-mini/val/n02107683,,
main,ls,ai-ref-arch/imagenet-mini/val/n07747607,,
main,ls,ai-ref-arch/imagenet-mini/val/n07695742,,
main,ls,ai-ref-arch/imagenet-mini/val/n02128757,,
main,ls,ai-ref-arch/imagenet-mini/val/n02129604,,
main,ls,ai-ref-arch/imagenet-mini/val/n07753275,,
main,ls,ai-ref-arch/imagenet-mini/val/n03891251,,
main,ls,ai-ref-arch/imagenet-mini/val/n04086273,,
main,ls,ai-ref-arch/imagenet-mini/val/n02859443,,
main,ls,ai-ref-arch/imagenet-mini/val/n01632777,,
main,ls,ai-ref-arch/imagenet-mini/val/n04423845,,
main,ls,ai-ref-arch/imagenet-mini/val/n03776460,,
main,ls,ai-ref-arch/imagenet-mini/val/n01847000,,
main,ls,ai-ref-arch/imagenet-mini/val/n03141823,,
main,ls,ai-ref-arch/imagenet-mini/val/n04346328,,
main,ls,ai-ref-arch/imagenet-mini/val/n02105251,,
main,ls,ai-ref-arch/imagenet-mini/val/n03866082,,
main,ls,ai-ref-arch/imagenet-mini/val/n04522168,,
main,ls,ai-ref-arch/imagenet-mini/val/n03690938,,
main,ls,ai-ref-arch/imagenet-mini/val/n04462240,,
main,ls,ai-ref-arch/imagenet-mini/val/n13044778,,
main,ls,ai-ref-arch/imagenet-mini/val/n07734744,,
main,ls,ai-ref-arch/imagenet-mini/val/n01775062,,
main,ls,ai-ref-arch/imagenet-mini/val/n02500267,,
main,ls,ai-ref-arch/imagenet-mini/val/n03658185,,
main,ls,ai-ref-arch/imagenet-mini/val/n07613480,,
main,ls,ai-ref-arch/imagenet-mini/val/n09421951,,
main,ls,ai-ref-arch/imagenet-mini/val/n02114367,,
main,ls,ai-ref-arch/imagenet-mini/val/n03759954,,
main,ls,ai-ref-arch/imagenet-mini/val/n03000684,,
main,ls,ai-ref-arch/imagenet-mini/val/n04147183,,
main,ls,ai-ref-arch/imagenet-mini/val/n04429376,,
main,ls,ai-ref-arch/imagenet-mini/val/n04389033,,
main,ls,ai-ref-arch/imagenet-mini/val/n04326547,,
main,ls,ai-ref-arch/imagenet-mini/val/n04592741,,
main,ls,ai-ref-arch/imagenet-mini/val/n02966687,,
main,ls,ai-ref-arch/imagenet-mini/val/n04465501,,
main,ls,ai-ref-arch/imagenet-mini/val/n02233338,,
main,ls,ai-ref-arch/imagenet-mini/val/n02797295,,
main,ls,ai-ref-arch/imagenet-mini/val/n02410509,,
main,ls,ai-ref-arch/imagenet-mini/val/n02835271,,
main,ls,ai-ref-arch/imagenet-mini/val/n03976467,,
main,ls,ai-ref-arch/imagenet-mini/val/n02099267,,
main,ls,ai-ref-arch/imagenet-mini/val/n02279972,,
main,ls,ai-ref-arch/imagenet-mini/val/n02087046,,
main,ls,ai-ref-arch/imagenet-mini/val/n03297495,,
main,ls,ai-ref-arch/imagenet-mini/val/n02408429,,
main,ls,ai-ref-arch/imagenet-mini/val/n02219486,,
main,ls,ai-ref-arch/imagenet-mini/val/n02011460,,
main,ls,ai-ref-arch/imagenet-mini/val/n02093754,,
main,ls,ai-ref-arch/imagenet-mini/val/n02056570,,
main,ls,ai-ref-arch/imagenet-mini/val/n02917067,,
main,ls,ai-ref-arch/imagenet-mini/val/n02093991,,
main,ls,ai-ref-arch/imagenet-mini/val/n04371774,,
main,ls,ai-ref-arch/imagenet-mini/val/n02325366,,
main,ls,ai-ref-arch/imagenet-mini/val/n03724870,,
main,ls,ai-ref-arch/imagenet-mini/val/n04228054,,
main,ls,ai-ref-arch/imagenet-mini/val/n03873416,,
main,ls,ai-ref-arch/imagenet-mini/val/n02106550,,
main,ls,ai-ref-arch/imagenet-mini/val/n11939491,,
main,ls,ai-ref-arch/imagenet-mini/val/n13054560,,
main,ls,ai-ref-arch/imagenet-mini/val/n03032252,,
main,ls,ai-ref-arch/imagenet-mini/val/n03534580,,
main,ls,ai-ref-arch/imagenet-mini/val/n02110806,,
main,ls,ai-ref-arch/imagenet-mini/val/n02395406,,
main,ls,ai-ref-arch/imagenet-mini/val/n01514668,,
main,ls,ai-ref-arch/imagenet-mini/val/n02391049,,
main,ls,ai-ref-arch/imagenet-mini/val/n02963159,,
main,ls,ai-ref-arch/imagenet-mini/val/n01742172,,
main,ls,ai-ref-arch/imagenet-mini/val/n03792972,,
main,ls,ai-ref-arch/imagenet-mini/val/n03544143,,
main,ls,ai-ref-arch/imagenet-mini/val/n04070727,,
main,ls,ai-ref-arch/imagenet-mini/val/n04409515,,
main,ls,ai-ref-arch/imagenet-mini/val/n01873310,,
main,ls,ai-ref-arch/imagenet-mini/val/n03325584,,
main,ls,ai-ref-arch/imagenet-mini/val/n04370456,,
main,ls,ai-ref-arch/imagenet-mini/val/n01689811,,
main,ls,ai-ref-arch/imagenet-mini/val/n02256656,,
main,ls,ai-ref-arch/imagenet-mini/val/n02978881,,
main,ls,ai-ref-arch/imagenet-mini/val/n02104365,,
main,ls,ai-ref-arch/imagenet-mini/val/n04442312,,
main,ls,ai-ref-arch/imagenet-mini/val/n02364673,,
main,ls,ai-ref-arch/imagenet-mini/val/n02102973,,
main,ls,ai-ref-arch/imagenet-mini/val/n01667114,,
main,ls,ai-ref-arch/imagenet-mini/val/n15075141,,
main,ls,ai-ref-arch/imagenet-mini/val/n02342885,,
main,ls,ai-ref-arch/imagenet-mini/val/n02113624,,
main,ls,ai-ref-arch/imagenet-mini/val/n03770439,,
main,ls,ai-ref-arch/imagenet-mini/val/n03770679,,
main,ls,ai-ref-arch/imagenet-mini/val/n07697313,,
main,ls,ai-ref-arch/imagenet-mini/val/n04590129,,
main,ls,ai-ref-arch/imagenet-mini/val/n02490219,,
main,ls,ai-ref-arch/imagenet-mini/val/n02790996,,
main,ls,ai-ref-arch/imagenet-mini/val/n04507155,,
main,ls,ai-ref-arch/imagenet-mini/val/n03930313,,
main,ls,ai-ref-arch/imagenet-mini/val/n02894605,,
main,ls,ai-ref-arch/imagenet-mini/val/n02088466,,
main,ls,ai-ref-arch/imagenet-mini/val/n03124170,,
main,ls,ai-ref-arch/imagenet-mini/val/n02870880,,
main,ls,ai-ref-arch/imagenet-mini/val/n02110341,,
main,ls,ai-ref-arch/imagenet-mini/val/n04532106,,
main,ls,ai-ref-arch/imagenet-mini/val/n01910747,,
main,ls,ai-ref-arch/imagenet-mini/val/n03047690,,
main,ls,ai-ref-arch/imagenet-mini/val/n04579432,,
main,ls,ai-ref-arch/imagenet-mini/val/n03388043,,
main,ls,ai-ref-arch/imagenet-mini/val/n01751748,,
main,ls,ai-ref-arch/imagenet-mini/val/n01860187,,
main,ls,ai-ref-arch/imagenet-mini/val/n02087394,,
main,ls,ai-ref-arch/imagenet-mini/val/n01664065,,
main,ls,ai-ref-arch/imagenet-mini/val/n01692333,,
main,ls,ai-ref-arch/imagenet-mini/val/n03467068,,
main,ls,ai-ref-arch/imagenet-mini/val/n07697537,,
main,ls,ai-ref-arch/imagenet-mini/val/n02807133,,
main,ls,ai-ref-arch/imagenet-mini/val/n01784675,,
main,ls,ai-ref-arch/imagenet-mini/val/n02098286,,
main,ls,ai-ref-arch/imagenet-mini/val/n02860847,,
main,ls,ai-ref-arch/imagenet-mini/val/n07745940,,
main,ls,ai-ref-arch/imagenet-mini/val/n01685808,,
main,ls,ai-ref-arch/imagenet-mini/val/n04041544,,
main,ls,ai-ref-arch/imagenet-mini/val/n01773549,,
main,ls,ai-ref-arch/imagenet-mini/val/n03483316,,
main,ls,ai-ref-arch/imagenet-mini/val/n02483708,,
main,ls,ai-ref-arch/imagenet-mini/val/n03016953,,
main,ls,ai-ref-arch/imagenet-mini/val/n01968897,,
main,ls,ai-ref-arch/imagenet-mini/val/n02480855,,
main,ls,ai-ref-arch/imagenet-mini/val/n01943899,,
main,ls,ai-ref-arch/imagenet-mini/val/n03676483,,
main,ls,ai-ref-arch/imagenet-mini/val/n03916031,,
main,ls,ai-ref-arch/imagenet-mini/val/n04557648,,
main,ls,ai-ref-arch/imagenet-mini/val/n02493509,,
main,ls,ai-ref-arch/imagenet-mini/val/n03617480,,
main,ls,ai-ref-arch/imagenet-mini/val/n01728920,,
main,ls,ai-ref-arch/imagenet-mini/val/n01930112,,
main,ls,ai-ref-arch/imagenet-mini/val/n03000134,,
main,ls,ai-ref-arch/imagenet-mini/val/n03590841,,
main,ls,ai-ref-arch/imagenet-mini/val/n01833805,,
main,ls,ai-ref-arch/imagenet-mini/val/n02108000,,
main,ls,ai-ref-arch/imagenet-mini/val/n02226429,,
main,ls,ai-ref-arch/imagenet-mini/val/n04131690,,
main,ls,ai-ref-arch/imagenet-mini/val/n02088238,,
main,ls,ai-ref-arch/imagenet-mini/val/n03026506,,
main,ls,ai-ref-arch/imagenet-mini/val/n01795545,,
main,ls,ai-ref-arch/imagenet-mini/val/n02091635,,
main,ls,ai-ref-arch/imagenet-mini/val/n01677366,,
main,ls,ai-ref-arch/imagenet-mini/val/n04560804,,
main,ls,ai-ref-arch/imagenet-mini/val/n01924916,,
main,ls,ai-ref-arch/imagenet-mini/val/n04376876,,
main,ls,ai-ref-arch/imagenet-mini/val/n02492660,,
main,ls,ai-ref-arch/imagenet-mini/val/n01978455,,
main,ls,ai-ref-arch/imagenet-mini/val/n03773504,,
main,ls,ai-ref-arch/imagenet-mini/val/n02091831,,
main,ls,ai-ref-arch/imagenet-mini/val/n02128925,,
main,ls,ai-ref-arch/imagenet-mini/val/n02808440,,
main,ls,ai-ref-arch/imagenet-mini/val/n04417672,,
main,ls,ai-ref-arch/imagenet-mini/val/n04485082,,
main,ls,ai-ref-arch/imagenet-mini/val/n02111889,,
main,ls,ai-ref-arch/imagenet-mini/val/n02097130,,
main,ls,ai-ref-arch/imagenet-mini/val/n09229709,,
main,ls,ai-ref-arch/imagenet-mini/val/n02013706,,
main,ls,ai-ref-arch/imagenet-mini/val/n07716358,,
main,ls,ai-ref-arch/imagenet-mini/val/n02871525,,
main,ls,ai-ref-arch/imagenet-mini/val/n02107142,,
main,ls,ai-ref-arch/imagenet-mini/val/n03485794,,
main,ls,ai-ref-arch/imagenet-mini/val/n03733281,,
main,ls,ai-ref-arch/imagenet-mini/val/n02086240,,
main,ls,ai-ref-arch/imagenet-mini/val/n02795169,,
main,ls,ai-ref-arch/imagenet-mini/val/n03804744,,
main,ls,ai-ref-arch/imagenet-mini/val/n03954731,,
main,ls,ai-ref-arch/imagenet-mini/val/n09428293,,
main,ls,ai-ref-arch/imagenet-mini/val/n02782093,,
main,ls,ai-ref-arch/imagenet-mini/val/n04355933,,
main,ls,ai-ref-arch/imagenet-mini/val/n03188531,,
main,ls,ai-ref-arch/imagenet-mini/val/n01494475,,
main,ls,ai-ref-arch/imagenet-mini/val/n07720875,,
main,ls,ai-ref-arch/imagenet-mini/val/n03394916,,
main,ls,ai-ref-arch/imagenet-mini/val/n04192698,,
main,ls,ai-ref-arch/imagenet-mini/val/n01518878,,
main,ls,ai-ref-arch/imagenet-mini/val/n02454379,,
main,ls,ai-ref-arch/imagenet-mini/val/n04033995,,
main,ls,ai-ref-arch/imagenet-mini/val/n02443484,,
main,ls,ai-ref-arch/imagenet-mini/val/n03710193,,
main,ls,ai-ref-arch/imagenet-mini/val/n01883070,,
main,ls,ai-ref-arch/imagenet-mini/val/n02100735,,
main,ls,ai-ref-arch/imagenet-mini/val/n02457408,,
main,ls,ai-ref-arch/imagenet-mini/val/n12267677,,
main,ls,ai-ref-arch/imagenet-mini/val/n02892201,,
main,ls,ai-ref-arch/imagenet-mini/val/n02106030,,
main,ls,ai-ref-arch/imagenet-mini/val/n02114548,,
main,ls,ai-ref-arch/imagenet-mini/val/n03481172,,
main,ls,ai-ref-arch/imagenet-mini/val/n02422106,,
main,ls,ai-ref-arch/imagenet-mini/val/n01667778,,
main,ls,ai-ref-arch/imagenet-mini/val/n04266014,,
main,ls,ai-ref-arch/imagenet-mini/val/n03788195,,
main,ls,ai-ref-arch/imagenet-mini/val/n04467665,,
main,ls,ai-ref-arch/imagenet-mini/val/n02112706,,
main,ls,ai-ref-arch/imagenet-mini/val/n03837869,,
main,ls,ai-ref-arch/imagenet-mini/val/n03496892,,
main,ls,ai-ref-arch/imagenet-mini/val/n01820546,,
main,ls,ai-ref-arch/imagenet-mini/val/n04604644,,
main,ls,ai-ref-arch/imagenet-mini/val/n01819313,,
main,ls,ai-ref-arch/imagenet-mini/val/n01632458,,
main,ls,ai-ref-arch/imagenet-mini/val/n02096294,,
main,ls,ai-ref-arch/imagenet-mini/val/n02825657,,
main,ls,ai-ref-arch/imagenet-mini/val/n03908618,,
main,ls,ai-ref-arch/imagenet-mini/val/n02115641,,
main,ls,ai-ref-arch/imagenet-mini/val/n03938244,,
main,ls,ai-ref-arch/imagenet-mini/val/n02096051,,
main,ls,ai-ref-arch/imagenet-mini/val/n09193705,,
main,ls,ai-ref-arch/imagenet-mini/val/n02012849,,
main,ls,ai-ref-arch/imagenet-mini/val/n02116738,,
main,ls,ai-ref-arch/imagenet-mini/val/n03877845,,
main,ls,ai-ref-arch/imagenet-mini/val/n03220513,,
main,ls,ai-ref-arch/imagenet-mini/val/n07584110,,
main,ls,ai-ref-arch/imagenet-mini/val/n02101006,,
main,ls,ai-ref-arch/imagenet-mini/val/n04596742,,
main,ls,ai-ref-arch/imagenet-mini/val/n07684084,,
main,ls,ai-ref-arch/imagenet-mini/val/n04296562,,
main,ls,ai-ref-arch/imagenet-mini/val/n02229544,,
main,ls,ai-ref-arch/imagenet-mini/val/n02704792,,
main,ls,ai-ref-arch/imagenet-mini/val/n02112137,,
main,ls,ai-ref-arch/imagenet-mini/val/n06596364,,
main,ls,ai-ref-arch/imagenet-mini/val/n02437616,,
main,ls,ai-ref-arch/imagenet-mini/val/n01737021,,
main,ls,ai-ref-arch/imagenet-mini/val/n03680355,,
main,ls,ai-ref-arch/imagenet-mini/val/n04550184,,
main,ls,ai-ref-arch/imagenet-mini/val/n03482405,,
main,ls,ai-ref-arch/imagenet-mini/val/n03729826,,
main,ls,ai-ref-arch/imagenet-mini/val/n01770081,,
main,ls,ai-ref-arch/imagenet-mini/val/n04037443,,
main,ls,ai-ref-arch/imagenet-mini/val/n09332890,,
main,ls,ai-ref-arch/imagenet-mini/val/n04443257,,
main,ls,ai-ref-arch/imagenet-mini/val/n02098413,,
main,ls,ai-ref-arch/imagenet-mini/val/n01855672,,
main,ls,ai-ref-arch/imagenet-mini/val/n02111277,,
main,ls,ai-ref-arch/imagenet-mini/val/n02110185,,
main,ls,ai-ref-arch/imagenet-mini/val/n07932039,,
main,ls,ai-ref-arch/imagenet-mini/val/n03884397,,
main,ls,ai-ref-arch/imagenet-mini/val/n04152593,,
main,ls,ai-ref-arch/imagenet-mini/val/n04005630,,
main,ls,ai-ref-arch/imagenet-mini/val/n03874599,,
main,ls,ai-ref-arch/imagenet-mini/val/n01704323,,
main,ls,ai-ref-arch/imagenet-mini/val/n03207743,,
main,ls,ai-ref-arch/imagenet-mini/val/n04552348,,
main,ls,ai-ref-arch/imagenet-mini/val/n07760859,,
main,ls,ai-ref-arch/imagenet-mini/val/n02346627,,
main,ls,ai-ref-arch/imagenet-mini/val/n02089973,,
main,ls,ai-ref-arch/imagenet-mini/val/n02090721,,
main,ls,ai-ref-arch/imagenet-mini/val/n02102318,,
main,ls,ai-ref-arch/imagenet-mini/val/n02321529,,
main,ls,ai-ref-arch/imagenet-mini/val/n03717622,,
main,ls,ai-ref-arch/imagenet-mini/val/n01978287,,
main,ls,ai-ref-arch/imagenet-mini/val/n03763968,,
main,ls,ai-ref-arch/imagenet-mini/val/n03887697,,
main,ls,ai-ref-arch/imagenet-mini/val/n02112350,,
main,ls,ai-ref-arch/imagenet-mini/val/n02165456,,
main,ls,ai-ref-arch/imagenet-mini/val/n04099969,,
main,ls,ai-ref-arch/imagenet-mini/val/n04447861,,
main,ls,ai-ref-arch/imagenet-mini/val/n03109150,,
main,ls,ai-ref-arch/imagenet-mini/val/n07920052,,
main,ls,ai-ref-arch/imagenet-mini/val/n02328150,,
main,ls,ai-ref-arch/imagenet-mini/val/n03133878,,
main,ls,ai-ref-arch/imagenet-mini/val/n02815834,,
main,ls,ai-ref-arch/imagenet-mini/val/n02727426,,
main,ls,ai-ref-arch/imagenet-mini/val/n02607072,,
main,ls,ai-ref-arch/imagenet-mini/val/n01688243,,
main,ls,ai-ref-arch/imagenet-mini/val/n03970156,,
main,ls,ai-ref-arch/imagenet-mini/val/n04149813,,
main,ls,ai-ref-arch/imagenet-mini/val/n07718747,,
main,ls,ai-ref-arch/imagenet-mini/val/n06874185,,
main,ls,ai-ref-arch/imagenet-mini/val/n02783161,,
main,ls,ai-ref-arch/imagenet-mini/val/n07717410,,
main,ls,ai-ref-arch/imagenet-mini/val/n04435653,,
main,ls,ai-ref-arch/imagenet-mini/val/n02129165,,
main,ls,ai-ref-arch/imagenet-mini/val/n02088632,,
main,ls,ai-ref-arch/imagenet-mini/val/n02108089,,
main,ls,ai-ref-arch/imagenet-mini/val/n02776631,,
main,ls,ai-ref-arch/imagenet-mini/val/n03134739,,
main,ls,ai-ref-arch/imagenet-mini/val/n02018795,,
main,ls,ai-ref-arch/imagenet-mini/val/n03937543,,
main,ls,ai-ref-arch/imagenet-mini/val/n03649909,,
main,ls,ai-ref-arch/imagenet-mini/val/n02099712,,
main,ls,ai-ref-arch/imagenet-mini/val/n03857828,,
main,ls,ai-ref-arch/imagenet-mini/val/n02869837,,
main,ls,ai-ref-arch/imagenet-mini/val/n03062245,,
main,ls,ai-ref-arch/imagenet-mini/val/n02843684,,
main,ls,ai-ref-arch/imagenet-mini/val/n03991062,,
main,ls,ai-ref-arch/imagenet-mini/val/n04154565,,
main,ls,ai-ref-arch/imagenet-mini/val/n02086646,,
main,ls,ai-ref-arch/imagenet-mini/val/n03249569,,
main,ls,ai-ref-arch/imagenet-mini/val/n07714571,,
main,ls,ai-ref-arch/imagenet-mini/val/n01682714,,
main,ls,ai-ref-arch/imagenet-mini/val/n02094258,,
main,ls,ai-ref-arch/imagenet-mini/val/n03424325,,
main,ls,ai-ref-arch/imagenet-mini/val/n03425413,,
main,ls,ai-ref-arch/imagenet-mini/val/n09256479,,
main,ls,ai-ref-arch/imagenet-mini/val/n02690373,,
main,ls,ai-ref-arch/imagenet-mini/val/n03691459,,
main,ls,ai-ref-arch/imagenet-mini/val/n04141076,,
main,ls,ai-ref-arch/imagenet-mini/val/n02096437,,
main,ls,ai-ref-arch/imagenet-mini/val/n02823428,,
main,ls,ai-ref-arch/imagenet-mini/val/n03126707,,
main,ls,ai-ref-arch/imagenet-mini/val/n04270147,,
main,ls,ai-ref-arch/imagenet-mini/val/n01491361,,
main,ls,ai-ref-arch/imagenet-mini/val/n02206856,,
main,ls,ai-ref-arch/imagenet-mini/val/n04456115,,
main,ls,ai-ref-arch/imagenet-mini/val/n01773797,,
main,ls,ai-ref-arch/imagenet-mini/val/n02085782,,
main,ls,ai-ref-arch/imagenet-mini/val/n02236044,,
main,ls,ai-ref-arch/imagenet-mini/val/n02077923,,
main,ls,ai-ref-arch/imagenet-mini/val/n02100583,,
main,ls,ai-ref-arch/imagenet-mini/val/n03207941,,
main,ls,ai-ref-arch/imagenet-mini/val/n01728572,,
main,ls,ai-ref-arch/imagenet-mini/val/n03796401,,
main,ls,ai-ref-arch/imagenet-mini/val/n04487081,,
main,ls,ai-ref-arch/imagenet-mini/val/n04548280,,
main,ls,ai-ref-arch/imagenet-mini/val/n01484850,,
main,ls,ai-ref-arch/imagenet-mini/val/n03958227,,
main,ls,ai-ref-arch/imagenet-mini/val/n03782006,,
main,ls,ai-ref-arch/imagenet-mini/val/n04344873,,
main,ls,ai-ref-arch/imagenet-mini/val/n02979186,,
main,ls,ai-ref-arch/imagenet-mini/val/n03272562,,
main,ls,ai-ref-arch/imagenet-mini/val/n09246464,,
main,ls,ai-ref-arch/imagenet-mini/val/n03447447,,
main,ls,ai-ref-arch/imagenet-mini/val/n02017213,,
main,ls,ai-ref-arch/imagenet-mini/val/n02749479,,
main,ls,ai-ref-arch/imagenet-mini/val/n02423022,,
main,ls,ai-ref-arch/imagenet-mini/val/n03692522,,
main,ls,ai-ref-arch/imagenet-mini/val/n02480495,,
main,ls,ai-ref-arch/imagenet-mini/val/n01980166,,
main,ls,ai-ref-arch/imagenet-mini/val/n02132136,,
main,ls,ai-ref-arch/imagenet-mini/val/n04033901,,
main,ls,ai-ref-arch/imagenet-mini/val/n02027492,,
main,ls,ai-ref-arch/imagenet-mini/val/n03602883,,
main,ls,ai-ref-arch/imagenet-mini/val/n02114712,,
main,ls,ai-ref-arch/imagenet-mini/val/n01530575,,
main,ls,ai-ref-arch/imagenet-mini/val/n02493793,,
(_execute_read_task_split pid=12218),info,ai-ref-arch/imagenet-mini/val/n01440764/ILSVRC2012_val_00009111.JPEG,,
(_execute_read_task_split pid=12218),info,ai-ref-arch/imagenet-mini/val/n01440764/ILSVRC2012_val_00030740.JPEG,,info
(_execute_read_task_split pid=12218),info,ai-ref-arch/imagenet-mini/val/n01440764/ILSVRC2012_val_00046252.JPEG,,info
(_execute_read_task_split pid=12218),info,ai-ref-arch/imagenet-mini/val/n01484850/ILSVRC2012_val_00014467.JPEG,,info
(_execute_read_task_split pid=12218),_open,ai-ref-arch/imagenet-mini/val/n01440764/ILSVRC2012_val_00009111.JPEG,,
(_execute_read_task_split pid=12218),_open,ai-ref-arch/imagenet-mini/val/n01440764/ILSVRC2012_val_00030740.JPEG,,
(_execute_read_task_split pid=12218),_open,ai-ref-arch/imagenet-mini/val/n01443537/ILSVRC2012_val_00000994.JPEG,,
(_execute_read_task_split pid=12218),_open,ai-ref-arch/imagenet-mini/val/n01443537/ILSVRC2012_val_00020822.JPEG,,
(_execute_read_task_split pid=12218),info,s3://ai-ref-arch/imagenet-mini/val/n01440764/ILSVRC2012_val_00030740.JPEG,,
(_execute_read_task_split pid=12218),info,s3://ai-ref-arch/imagenet-mini/val/n01440764/ILSVRC2012_val_00009111.JPEG,,
(_execute_read_task_split pid=12218),info,s3://ai-ref-arch/imagenet-mini/val/n01443537/ILSVRC2012_val_00000994.JPEG,,
(_execute_read_task_split pid=12218),info,s3://ai-ref-arch/imagenet-mini/val/n01443537/ILSVRC2012_val_00020822.JPEG,,_open
(_execute_read_task_split pid=12218),_open,ai-ref-arch/imagenet-mini/val/n01440764/ILSVRC2012_val_00046252.JPEG,,_open
(_execute_read_task_split pid=12218),_open,ai-ref-arch/imagenet-mini/val/n01484850/ILSVRC2012_val_00019409.JPEG,,info
(_execute_read_task_split pid=12218),info,s3://ai-ref-arch/imagenet-mini/val/n01484850/ILSVRC2012_val_00014467.JPEG,,info
(_execute_read_task_split pid=12218),info,s3://ai-ref-arch/imagenet-mini/val/n01484850/ILSVRC2012_val_00019409.JPEG,,
(_execute_read_task_split pid=12218),cat_file,s3://ai-ref-arch/imagenet-mini/val/n01440764/ILSVRC2012_val_00030740.JPEG,0,97653
(_execute_read_task_split pid=12218),cat_file,s3://ai-ref-arch/imagenet-mini/val/n01440764/ILSVRC2012_val_00009111.JPEG,0,163740
(_execute_read_task_split pid=12218),cat_file,s3://ai-ref-arch/imagenet-mini/val/n01443537/ILSVRC2012_val_00000994.JPEG,0,107185
(_execute_read_task_split pid=12218),cat_file,s3://ai-ref-arch/imagenet-mini/val/n01440764/ILSVRC2012_val_00046252.JPEG,0,226278
(_execute_read_task_split pid=12218),cat_file,s3://ai-ref-arch/imagenet-mini/val/n01484850/ILSVRC2012_val_00014467.JPEG,0,48826
(_execute_read_task_split pid=12218),cat_file,s3://ai-ref-arch/imagenet-mini/val/n01484850/ILSVRC2012_val_00019409.JPEG,0,33992
(_execute_read_task_split pid=12218),cat_file,s3://ai-ref-arch/imagenet-mini/val/n01443537/ILSVRC2012_val_00020822.JPEG,0,169345
(_execute_read_task_split pid=12218),cat_file,s3://ai-ref-arch/imagenet-mini/val/n01443537/ILSVRC2012_val_00002241.JPEG,0,146652
(_execute_read_task_split pid=12218),info,ai-ref-arch/imagenet-mini/val/n01484850/ILSVRC2012_val_00027514.JPEG,,
(_execute_read_task_split pid=12218),info,ai-ref-arch/imagenet-mini/val/n01484850/ILSVRC2012_val_00030127.JPEG,,
(_execute_read_task_split pid=12218),_open,ai-ref-arch/imagenet-mini/val/n01484850/ILSVRC2012_val_00027514.JPEG,,
(_execute_read_task_split pid=12218),info,s3://ai-ref-arch/imagenet-mini/val/n01484850/ILSVRC2012_val_00027514.JPEG,,
(_execute_read_task_split pid=12218),_open,ai-ref-arch/imagenet-mini/val/n01484850/ILSVRC2012_val_00030127.JPEG,,
(_execute_read_task_split pid=12218),info,s3://ai-ref-arch/imagenet-mini/val/n01484850/ILSVRC2012_val_00030127.JPEG,,
(_execute_read_task_split pid=12218),cat_file,s3://ai-ref-arch/imagenet-mini/val/n01484850/ILSVRC2012_val_00027514.JPEG,0,62214
(_execute_read_task_split pid=12218),cat_file,s3://ai-ref-arch/imagenet-mini/val/n01484850/ILSVRC2012_val_00030127.JPEG,0,109638
(_execute_read_task_split pid=12218),info,ai-ref-arch/imagenet-mini/val/n01484850/ILSVRC2012_val_00039445.JPEG,,
(_execute_read_task_split pid=12218),_open,ai-ref-arch/imagenet-mini/val/n01484850/ILSVRC2012_val_00039445.JPEG,,
(_execute_read_task_split pid=12218),info,s3://ai-ref-arch/imagenet-mini/val/n01484850/ILSVRC2012_val_00039445.JPEG,,
(_execute_read_task_split pid=12218),info,ai-ref-arch/imagenet-mini/val/n01491361/ILSVRC2012_val_00007875.JPEG,,
(_execute_read_task_split pid=12218),cat_file,s3://ai-ref-arch/imagenet-mini/val/n01484850/ILSVRC2012_val_00039445.JPEG,0,145424
(_execute_read_task_split pid=12218),info,ai-ref-arch/imagenet-mini/val/n01491361/ILSVRC2012_val_00015631.JPEG,,
(_execute_read_task_split pid=12218),_open,ai-ref-arch/imagenet-mini/val/n01491361/ILSVRC2012_val_00007875.JPEG,,
(_execute_read_task_split pid=12218),info,s3://ai-ref-arch/imagenet-mini/val/n01491361/ILSVRC2012_val_00007875.JPEG,,
(_execute_read_task_split pid=12218),_open,ai-ref-arch/imagenet-mini/val/n01491361/ILSVRC2012_val_00015631.JPEG,,info
(_execute_read_task_split pid=12218),cat_file,s3://ai-ref-arch/imagenet-mini/val/n01491361/ILSVRC2012_val_00007875.JPEG,0,135963
(_execute_read_task_split pid=12218),info,s3://ai-ref-arch/imagenet-mini/val/n01491361/ILSVRC2012_val_00015631.JPEG,,
(_execute_read_task_split pid=12218),_open,ai-ref-arch/imagenet-mini/val/n01491361/ILSVRC2012_val_00026001.JPEG,,
(_execute_read_task_split pid=12218),info,s3://ai-ref-arch/imagenet-mini/val/n01491361/ILSVRC2012_val_00026001.JPEG,,
(_execute_read_task_split pid=12218),info,ai-ref-arch/imagenet-mini/val/n01494475/ILSVRC2012_val_00012546.JPEG,,
(_execute_read_task_split pid=12218),cat_file,s3://ai-ref-arch/imagenet-mini/val/n01491361/ILSVRC2012_val_00026001.JPEG,0,186243
(_execute_read_task_split pid=12218),cat_file,s3://ai-ref-arch/imagenet-mini/val/n01491361/ILSVRC2012_val_00015631.JPEG,0,105663
(_execute_read_task_split pid=12218),info,ai-ref-arch/imagenet-mini/val/n01494475/ILSVRC2012_val_00016259.JPEG,,
(_execute_read_task_split pid=12218),_open,ai-ref-arch/imagenet-mini/val/n01494475/ILSVRC2012_val_00012546.JPEG,,
(_execute_read_task_split pid=12218),info,s3://ai-ref-arch/imagenet-mini/val/n01494475/ILSVRC2012_val_00012546.JPEG,,
(_execute_read_task_split pid=12218),_open,ai-ref-arch/imagenet-mini/val/n01494475/ILSVRC2012_val_00016259.JPEG,,
(_execute_read_task_split pid=12218),info,s3://ai-ref-arch/imagenet-mini/val/n01494475/ILSVRC2012_val_00016259.JPEG,,
(_execute_read_task_split pid=12218),cat_file,s3://ai-ref-arch/imagenet-mini/val/n01494475/ILSVRC2012_val_00012546.JPEG,0,145468
(_execute_read_task_split pid=12218),cat_file,s3://ai-ref-arch/imagenet-mini/val/n01494475/ILSVRC2012_val_00016259.JPEG,0,87886
(_execute_read_task_split pid=12218),info,ai-ref-arch/imagenet-mini/val/n01494475/ILSVRC2012_val_00027160.JPEG,,
(_execute_read_task_split pid=12218),_open,ai-ref-arch/imagenet-mini/val/n01494475/ILSVRC2012_val_00027160.JPEG,,
(_execute_read_task_split pid=12218),info,s3://ai-ref-arch/imagenet-mini/val/n01494475/ILSVRC2012_val_00027160.JPEG,,
(_execute_read_task_split pid=12218),cat_file,s3://ai-ref-arch/imagenet-mini/val/n01494475/ILSVRC2012_val_00027160.JPEG,0,120508
(_execute_read_task_split pid=12218),info,ai-ref-arch/imagenet-mini/val/n01494475/ILSVRC2012_val_00034178.JPEG,,
(_execute_read_task_split pid=12218),_open,ai-ref-arch/imagenet-mini/val/n01494475/ILSVRC2012_val_00034178.JPEG,,
(_execute_read_task_split pid=12218),info,s3://ai-ref-arch/imagenet-mini/val/n01494475/ILSVRC2012_val_00034178.JPEG,,
(_execute_read_task_split pid=12218),cat_file,s3://ai-ref-arch/imagenet-mini/val/n01494475/ILSVRC2012_val_00034178.JPEG,0,84789
(_execute_read_task_split pid=12218),info,ai-ref-arch/imagenet-mini/val/n01494475/ILSVRC2012_val_00039588.JPEG,,
(_execute_read_task_split pid=12218),_open,ai-ref-arch/imagenet-mini/val/n01494475/ILSVRC2012_val_00039588.JPEG,,
(_execute_read_task_split pid=12218),info,s3://ai-ref-arch/imagenet-mini/val/n01494475/ILSVRC2012_val_00039588.JPEG,,
(_execute_read_task_split pid=12218),info,ai-ref-arch/imagenet-mini/val/n01496331/ILSVRC2012_val_00007569.JPEG,,
(_execute_read_task_split pid=12218),cat_file,s3://ai-ref-arch/imagenet-mini/val/n01494475/ILSVRC2012_val_00039588.JPEG,0,69487_open
(_execute_read_task_split pid=12218),info,s3://ai-ref-arch/imagenet-mini/val/n01496331/ILSVRC2012_val_00007569.JPEG,,
(_execute_read_task_split pid=12218),cat_file,s3://ai-ref-arch/imagenet-mini/val/n01496331/ILSVRC2012_val_00007569.JPEG,0,90714
(ReadImage->Map(crop_and_flip_image) pid=12218),info,ai-ref-arch/imagenet-mini/val/n01440764/ILSVRC2012_val_00009111.JPEG,,
(ReadImage->Map(crop_and_flip_image) pid=12218),info,ai-ref-arch/imagenet-mini/val/n01440764/ILSVRC2012_val_00030740.JPEG,,
(ReadImage->Map(crop_and_flip_image) pid=12218),info,ai-ref-arch/imagenet-mini/val/n01440764/ILSVRC2012_val_00046252.JPEG,,info
(ReadImage->Map(crop_and_flip_image) pid=12218),info,ai-ref-arch/imagenet-mini/val/n01484850/ILSVRC2012_val_00014467.JPEG,,
(ReadImage->Map(crop_and_flip_image) pid=12218),info,ai-ref-arch/imagenet-mini/val/n01484850/ILSVRC2012_val_00019409.JPEG,,
(ReadImage->Map(crop_and_flip_image) pid=12218),_open,ai-ref-arch/imagenet-mini/val/n01440764/ILSVRC2012_val_00009111.JPEG,,info
(ReadImage->Map(crop_and_flip_image) pid=12218),_open,ai-ref-arch/imagenet-mini/val/n01440764/ILSVRC2012_val_00046252.JPEG,,
(ReadImage->Map(crop_and_flip_image) pid=12218),_open,ai-ref-arch/imagenet-mini/val/n01484850/ILSVRC2012_val_00019409.JPEG,,
(ReadImage->Map(crop_and_flip_image) pid=12218),_open,ai-ref-arch/imagenet-mini/val/n01443537/ILSVRC2012_val_00000994.JPEG,,
(ReadImage->Map(crop_and_flip_image) pid=12218),info,s3://ai-ref-arch/imagenet-mini/val/n01484850/ILSVRC2012_val_00019409.JPEG,,
(ReadImage->Map(crop_and_flip_image) pid=12218),info,s3://ai-ref-arch/imagenet-mini/val/n01440764/ILSVRC2012_val_00009111.JPEG,,_open
(ReadImage->Map(crop_and_flip_image) pid=12218),info,s3://ai-ref-arch/imagenet-mini/val/n01440764/ILSVRC2012_val_00046252.JPEG,,_open
(ReadImage->Map(crop_and_flip_image) pid=12218),info,s3://ai-ref-arch/imagenet-mini/val/n01443537/ILSVRC2012_val_00000994.JPEG,,
(ReadImage->Map(crop_and_flip_image) pid=12218),info,s3://ai-ref-arch/imagenet-mini/val/n01443537/ILSVRC2012_val_00020822.JPEG,,info
(ReadImage->Map(crop_and_flip_image) pid=12218),cat_file,s3://ai-ref-arch/imagenet-mini/val/n01484850/ILSVRC2012_val_00019409.JPEG,0,33992
(ReadImage->Map(crop_and_flip_image) pid=12218),info,s3://ai-ref-arch/imagenet-mini/val/n01443537/ILSVRC2012_val_00002241.JPEG,,info
(ReadImage->Map(crop_and_flip_image) pid=12218),cat_file,s3://ai-ref-arch/imagenet-mini/val/n01440764/ILSVRC2012_val_00046252.JPEG,0,226278cat_file
(ReadImage->Map(crop_and_flip_image) pid=12218),cat_file,s3://ai-ref-arch/imagenet-mini/val/n01443537/ILSVRC2012_val_00000994.JPEG,0,107185
(ReadImage->Map(crop_and_flip_image) pid=12218),cat_file,s3://ai-ref-arch/imagenet-mini/val/n01443537/ILSVRC2012_val_00002241.JPEG,0,146652cat_file
(ReadImage->Map(crop_and_flip_image) pid=12218),cat_file,s3://ai-ref-arch/imagenet-mini/val/n01440764/ILSVRC2012_val_00030740.JPEG,0,97653
(ReadImage->Map(crop_and_flip_image) pid=12218),info,ai-ref-arch/imagenet-mini/val/n01484850/ILSVRC2012_val_00027514.JPEG,,
(ReadImage->Map(crop_and_flip_image) pid=12218),info,ai-ref-arch/imagenet-mini/val/n01484850/ILSVRC2012_val_00030127.JPEG,,
(ReadImage->Map(crop_and_flip_image) pid=12218),_open,ai-ref-arch/imagenet-mini/val/n01484850/ILSVRC2012_val_00027514.JPEG,,
(ReadImage->Map(crop_and_flip_image) pid=12218),info,s3://ai-ref-arch/imagenet-mini/val/n01484850/ILSVRC2012_val_00027514.JPEG,,
(ReadImage->Map(crop_and_flip_image) pid=12218),_open,ai-ref-arch/imagenet-mini/val/n01484850/ILSVRC2012_val_00030127.JPEG,,
(ReadImage->Map(crop_and_flip_image) pid=12218),info,s3://ai-ref-arch/imagenet-mini/val/n01484850/ILSVRC2012_val_00030127.JPEG,,
(ReadImage->Map(crop_and_flip_image) pid=12218),cat_file,s3://ai-ref-arch/imagenet-mini/val/n01484850/ILSVRC2012_val_00027514.JPEG,0,62214
(ReadImage->Map(crop_and_flip_image) pid=12218),cat_file,s3://ai-ref-arch/imagenet-mini/val/n01484850/ILSVRC2012_val_00030127.JPEG,0,109638
4(ReadImage->Map(crop_and_flip_image) pid=12218),info,ai-ref-arch/imagenet-mini/val/n01484850/ILSVRC2012_val_00039445.JPEG,,
(ReadImage->Map(crop_and_flip_image) pid=12218),_open,ai-ref-arch/imagenet-mini/val/n01484850/ILSVRC2012_val_00039445.JPEG,,
(ReadImage->Map(crop_and_flip_image) pid=12218),info,s3://ai-ref-arch/imagenet-mini/val/n01484850/ILSVRC2012_val_00039445.JPEG,,
(ReadImage->Map(crop_and_flip_image) pid=12218),info,ai-ref-arch/imagenet-mini/val/n01491361/ILSVRC2012_val_00007875.JPEG,,
(ReadImage->Map(crop_and_flip_image) pid=12218),cat_file,s3://ai-ref-arch/imagenet-mini/val/n01484850/ILSVRC2012_val_00039445.JPEG,0,145424
(ReadImage->Map(crop_and_flip_image) pid=12218),_open,ai-ref-arch/imagenet-mini/val/n01491361/ILSVRC2012_val_00007875.JPEG,,
(ReadImage->Map(crop_and_flip_image) pid=12218),info,s3://ai-ref-arch/imagenet-mini/val/n01491361/ILSVRC2012_val_00007875.JPEG,,
(ReadImage->Map(crop_and_flip_image) pid=12218),info,ai-ref-arch/imagenet-mini/val/n01491361/ILSVRC2012_val_00015631.JPEG,,cat_file
(ReadImage->Map(crop_and_flip_image) pid=12218),_open,ai-ref-arch/imagenet-mini/val/n01491361/ILSVRC2012_val_00015631.JPEG,,
(ReadImage->Map(crop_and_flip_image) pid=12218),info,s3://ai-ref-arch/imagenet-mini/val/n01491361/ILSVRC2012_val_00015631.JPEG,,
(ReadImage->Map(crop_and_flip_image) pid=12218),cat_file,s3://ai-ref-arch/imagenet-mini/val/n01491361/ILSVRC2012_val_00015631.JPEG,0,105663
(ReadImage->Map(crop_and_flip_image) pid=12218),info,ai-ref-arch/imagenet-mini/val/n01491361/ILSVRC2012_val_00026001.JPEG,,
(ReadImage->Map(crop_and_flip_image) pid=12218),_open,ai-ref-arch/imagenet-mini/val/n01491361/ILSVRC2012_val_00026001.JPEG,,
(ReadImage->Map(crop_and_flip_image) pid=12218),info,s3://ai-ref-arch/imagenet-mini/val/n01491361/ILSVRC2012_val_00026001.JPEG,,
(ReadImage->Map(crop_and_flip_image) pid=12218),cat_file,s3://ai-ref-arch/imagenet-mini/val/n01491361/ILSVRC2012_val_00026001.JPEG,0,186243
(ReadImage->Map(crop_and_flip_image) pid=12218),info,ai-ref-arch/imagenet-mini/val/n01494475/ILSVRC2012_val_00012546.JPEG,,
(ReadImage->Map(crop_and_flip_image) pid=12218),_open,ai-ref-arch/imagenet-mini/val/n01494475/ILSVRC2012_val_00012546.JPEG,,
(ReadImage->Map(crop_and_flip_image) pid=12218),info,s3://ai-ref-arch/imagenet-mini/val/n01494475/ILSVRC2012_val_00012546.JPEG,,
(ReadImage->Map(crop_and_flip_image) pid=12218),info,ai-ref-arch/imagenet-mini/val/n01494475/ILSVRC2012_val_00016259.JPEG,,
(ReadImage->Map(crop_and_flip_image) pid=12218),cat_file,s3://ai-ref-arch/imagenet-mini/val/n01494475/ILSVRC2012_val_00012546.JPEG,0,145468
(ReadImage->Map(crop_and_flip_image) pid=12218),_open,ai-ref-arch/imagenet-mini/val/n01494475/ILSVRC2012_val_00016259.JPEG,,
(ReadImage->Map(crop_and_flip_image) pid=12218),info,s3://ai-ref-arch/imagenet-mini/val/n01494475/ILSVRC2012_val_00016259.JPEG,,
(ReadImage->Map(crop_and_flip_image) pid=12218),cat_file,s3://ai-ref-arch/imagenet-mini/val/n01494475/ILSVRC2012_val_00016259.JPEG,0,87886
(ReadImage->Map(crop_and_flip_image) pid=12218),info,ai-ref-arch/imagenet-mini/val/n01494475/ILSVRC2012_val_00027160.JPEG,,
(ReadImage->Map(crop_and_flip_image) pid=12218),_open,ai-ref-arch/imagenet-mini/val/n01494475/ILSVRC2012_val_00027160.JPEG,,
(ReadImage->Map(crop_and_flip_image) pid=12218),info,s3://ai-ref-arch/imagenet-mini/val/n01494475/ILSVRC2012_val_00027160.JPEG,,
(ReadImage->Map(crop_and_flip_image) pid=12218),cat_file,s3://ai-ref-arch/imagenet-mini/val/n01494475/ILSVRC2012_val_00027160.JPEG,0,120508
(ReadImage->Map(crop_and_flip_image) pid=12218),info,ai-ref-arch/imagenet-mini/val/n01494475/ILSVRC2012_val_00034178.JPEG,,
(ReadImage->Map(crop_and_flip_image) pid=12218),_open,ai-ref-arch/imagenet-mini/val/n01494475/ILSVRC2012_val_00034178.JPEG,,
(ReadImage->Map(crop_and_flip_image) pid=12218),info,s3://ai-ref-arch/imagenet-mini/val/n01494475/ILSVRC2012_val_00034178.JPEG,,
(ReadImage->Map(crop_and_flip_image) pid=12218),info,ai-ref-arch/imagenet-mini/val/n01494475/ILSVRC2012_val_00039588.JPEG,,cat_file
(ReadImage->Map(crop_and_flip_image) pid=12218),_open,ai-ref-arch/imagenet-mini/val/n01494475/ILSVRC2012_val_00039588.JPEG,,
(ReadImage->Map(crop_and_flip_image) pid=12218),info,s3://ai-ref-arch/imagenet-mini/val/n01494475/ILSVRC2012_val_00039588.JPEG,,
(ReadImage->Map(crop_and_flip_image) pid=12218),cat_file,s3://ai-ref-arch/imagenet-mini/val/n01494475/ILSVRC2012_val_00039588.JPEG,0,69487
(ReadImage->Map(crop_and_flip_image) pid=12218),info,ai-ref-arch/imagenet-mini/val/n01496331/ILSVRC2012_val_00007569.JPEG,,
(ReadImage->Map(crop_and_flip_image) pid=12218),_open,ai-ref-arch/imagenet-mini/val/n01496331/ILSVRC2012_val_00007569.JPEG,,
(ReadImage->Map(crop_and_flip_image) pid=12218),info,s3://ai-ref-arch/imagenet-mini/val/n01496331/ILSVRC2012_val_00007569.JPEG,,
(ReadImage->Map(crop_and_flip_image) pid=12218),cat_file,s3://ai-ref-arch/imagenet-mini/val/n01496331/ILSVRC2012_val_00007569.JPEG,0,90714
(ReadImage->Map(crop_and_flip_image) pid=12218),info,ai-ref-arch/imagenet-mini/val/n01770081/ILSVRC2012_val_00016507.JPEG,,
(ReadImage->Map(crop_and_flip_image) pid=12218),info,ai-ref-arch/imagenet-mini/val/n01770081/ILSVRC2012_val_00017153.JPEG,,info
(ReadImage->Map(crop_and_flip_image) pid=12218),info,ai-ref-arch/imagenet-mini/val/n01773157/ILSVRC2012_val_00022156.JPEG,,
(ReadImage->Map(crop_and_flip_image) pid=12218),info,ai-ref-arch/imagenet-mini/val/n01773157/ILSVRC2012_val_00039799.JPEG,,
(ReadImage->Map(crop_and_flip_image) pid=12218),info,ai-ref-arch/imagenet-mini/val/n01773157/ILSVRC2012_val_00042786.JPEG,,
(ReadImage->Map(crop_and_flip_image) pid=12218),_open,ai-ref-arch/imagenet-mini/val/n01773157/ILSVRC2012_val_00039799.JPEG,,_open
(ReadImage->Map(crop_and_flip_image) pid=12218),_open,ai-ref-arch/imagenet-mini/val/n01773157/ILSVRC2012_val_00022156.JPEG,,_open
(ReadImage->Map(crop_and_flip_image) pid=12218),_open,ai-ref-arch/imagenet-mini/val/n01770081/ILSVRC2012_val_00030649.JPEG,,info
(ReadImage->Map(crop_and_flip_image) pid=12218),_open,ai-ref-arch/imagenet-mini/val/n01770081/ILSVRC2012_val_00016507.JPEG,,_open
(ReadImage->Map(crop_and_flip_image) pid=12218),info,s3://ai-ref-arch/imagenet-mini/val/n01773157/ILSVRC2012_val_00039799.JPEG,,
(ReadImage->Map(crop_and_flip_image) pid=12218),_open,ai-ref-arch/imagenet-mini/val/n01773157/ILSVRC2012_val_00042786.JPEG,,
(ReadImage->Map(crop_and_flip_image) pid=12218),info,s3://ai-ref-arch/imagenet-mini/val/n01770393/ILSVRC2012_val_00032644.JPEG,,info
(ReadImage->Map(crop_and_flip_image) pid=12218),info,s3://ai-ref-arch/imagenet-mini/val/n01770081/ILSVRC2012_val_00017153.JPEG,,
(ReadImage->Map(crop_and_flip_image) pid=12218),cat_file,s3://ai-ref-arch/imagenet-mini/val/n01773157/ILSVRC2012_val_00039799.JPEG,0,121291cat_file
(ReadImage->Map(crop_and_flip_image) pid=12218),info,s3://ai-ref-arch/imagenet-mini/val/n01773157/ILSVRC2012_val_00042786.JPEG,,cat_file
(ReadImage->Map(crop_and_flip_image) pid=12218),cat_file,s3://ai-ref-arch/imagenet-mini/val/n01773157/ILSVRC2012_val_00042786.JPEG,0,92709
(ReadImage->Map(crop_and_flip_image) pid=12218),cat_file,s3://ai-ref-arch/imagenet-mini/val/n01770081/ILSVRC2012_val_00017153.JPEG,0,153255
(ReadImage->Map(crop_and_flip_image) pid=12218),info,ai-ref-arch/imagenet-mini/val/n01773157/ILSVRC2012_val_00043063.JPEG,,
(ReadImage->Map(crop_and_flip_image) pid=12218),info,ai-ref-arch/imagenet-mini/val/n01773549/ILSVRC2012_val_00034665.JPEG,,
(ReadImage->Map(crop_and_flip_image) pid=12218),_open,ai-ref-arch/imagenet-mini/val/n01773157/ILSVRC2012_val_00043063.JPEG,,
(ReadImage->Map(crop_and_flip_image) pid=12218),info,s3://ai-ref-arch/imagenet-mini/val/n01773157/ILSVRC2012_val_00043063.JPEG,,
(ReadImage->Map(crop_and_flip_image) pid=12218),_open,ai-ref-arch/imagenet-mini/val/n01773549/ILSVRC2012_val_00034665.JPEG,,
(ReadImage->Map(crop_and_flip_image) pid=12218),info,s3://ai-ref-arch/imagenet-mini/val/n01773549/ILSVRC2012_val_00034665.JPEG,,
(ReadImage->Map(crop_and_flip_image) pid=12218),cat_file,s3://ai-ref-arch/imagenet-mini/val/n01773549/ILSVRC2012_val_00034665.JPEG,0,1613886
(ReadImage->Map(crop_and_flip_image) pid=12218),cat_file,s3://ai-ref-arch/imagenet-mini/val/n01773157/ILSVRC2012_val_00043063.JPEG,0,36664
(ReadImage->Map(crop_and_flip_image) pid=12218),info,ai-ref-arch/imagenet-mini/val/n01773797/ILSVRC2012_val_00012707.JPEG,,
(ReadImage->Map(crop_and_flip_image) pid=12218),_open,ai-ref-arch/imagenet-mini/val/n01773797/ILSVRC2012_val_00012707.JPEG,,
(ReadImage->Map(crop_and_flip_image) pid=12218),info,s3://ai-ref-arch/imagenet-mini/val/n01773797/ILSVRC2012_val_00012707.JPEG,,
(ReadImage->Map(crop_and_flip_image) pid=12218),cat_file,s3://ai-ref-arch/imagenet-mini/val/n01773797/ILSVRC2012_val_00012707.JPEG,0,155876
(ReadImage->Map(crop_and_flip_image) pid=12218),info,ai-ref-arch/imagenet-mini/val/n01773797/ILSVRC2012_val_00023464.JPEG,,
(ReadImage->Map(crop_and_flip_image) pid=12218),_open,ai-ref-arch/imagenet-mini/val/n01773797/ILSVRC2012_val_00023464.JPEG,,
(ReadImage->Map(crop_and_flip_image) pid=12218),info,s3://ai-ref-arch/imagenet-mini/val/n01773797/ILSVRC2012_val_00023464.JPEG,,
(ReadImage->Map(crop_and_flip_image) pid=12218),cat_file,s3://ai-ref-arch/imagenet-mini/val/n01773797/ILSVRC2012_val_00023464.JPEG,0,131531
(ReadImage->Map(crop_and_flip_image) pid=12218),info,ai-ref-arch/imagenet-mini/val/n01773797/ILSVRC2012_val_00026030.JPEG,,
(ReadImage->Map(crop_and_flip_image) pid=12218),_open,ai-ref-arch/imagenet-mini/val/n01773797/ILSVRC2012_val_00026030.JPEG,,
(ReadImage->Map(crop_and_flip_image) pid=12218),info,s3://ai-ref-arch/imagenet-mini/val/n01773797/ILSVRC2012_val_00026030.JPEG,,
(ReadImage->Map(crop_and_flip_image) pid=12218),cat_file,s3://ai-ref-arch/imagenet-mini/val/n01773797/ILSVRC2012_val_00026030.JPEG,0,96028
(ReadImage->Map(crop_and_flip_image) pid=12218),info,ai-ref-arch/imagenet-mini/val/n01773797/ILSVRC2012_val_00026600.JPEG,,
(ReadImage->Map(crop_and_flip_image) pid=12218),_open,ai-ref-arch/imagenet-mini/val/n01773797/ILSVRC2012_val_00026600.JPEG,,
(ReadImage->Map(crop_and_flip_image) pid=12218),info,s3://ai-ref-arch/imagenet-mini/val/n01773797/ILSVRC2012_val_00026600.JPEG,,
(ReadImage->Map(crop_and_flip_image) pid=12218),cat_file,s3://ai-ref-arch/imagenet-mini/val/n01773797/ILSVRC2012_val_00026600.JPEG,0,113237
(ReadImage->Map(crop_and_flip_image) pid=12218),info,ai-ref-arch/imagenet-mini/val/n01774384/ILSVRC2012_val_00025455.JPEG,,
(ReadImage->Map(crop_and_flip_image) pid=12218),_open,ai-ref-arch/imagenet-mini/val/n01774384/ILSVRC2012_val_00025455.JPEG,,
(ReadImage->Map(crop_and_flip_image) pid=12218),info,s3://ai-ref-arch/imagenet-mini/val/n01774384/ILSVRC2012_val_00025455.JPEG,,
(ReadImage->Map(crop_and_flip_image) pid=12218),cat_file,s3://ai-ref-arch/imagenet-mini/val/n01774384/ILSVRC2012_val_00025455.JPEG,0,107388
(ReadImage->Map(crop_and_flip_image) pid=12218),info,ai-ref-arch/imagenet-mini/val/n01774384/ILSVRC2012_val_00029029.JPEG,,
(ReadImage->Map(crop_and_flip_image) pid=12218),_open,ai-ref-arch/imagenet-mini/val/n01774384/ILSVRC2012_val_00029029.JPEG,,
(ReadImage->Map(crop_and_flip_image) pid=12218),info,s3://ai-ref-arch/imagenet-mini/val/n01774384/ILSVRC2012_val_00029029.JPEG,,
(ReadImage->Map(crop_and_flip_image) pid=12218),cat_file,s3://ai-ref-arch/imagenet-mini/val/n01774384/ILSVRC2012_val_00029029.JPEG,0,149560
(ReadImage->Map(crop_and_flip_image) pid=12218),info,ai-ref-arch/imagenet-mini/val/n01774384/ILSVRC2012_val_00048068.JPEG,,
(ReadImage->Map(crop_and_flip_image) pid=12218),_open,ai-ref-arch/imagenet-mini/val/n01774384/ILSVRC2012_val_00048068.JPEG,,
(ReadImage->Map(crop_and_flip_image) pid=12218),info,s3://ai-ref-arch/imagenet-mini/val/n01774384/ILSVRC2012_val_00048068.JPEG,,
(ReadImage->Map(crop_and_flip_image) pid=12218),info,ai-ref-arch/imagenet-mini/val/n01774750/ILSVRC2012_val_00035080.JPEG,,
(ReadImage->Map(crop_and_flip_image) pid=12218),cat_file,s3://ai-ref-arch/imagenet-mini/val/n01774384/ILSVRC2012_val_00048068.JPEG,0,217920
(ReadImage->Map(crop_and_flip_image) pid=12218),_open,ai-ref-arch/imagenet-mini/val/n01774750/ILSVRC2012_val_00035080.JPEG,,
(ReadImage->Map(crop_and_flip_image) pid=12218),info,s3://ai-ref-arch/imagenet-mini/val/n01774750/ILSVRC2012_val_00035080.JPEG,,
(ReadImage->Map(crop_and_flip_image) pid=12218),cat_file,s3://ai-ref-arch/imagenet-mini/val/n01774750/ILSVRC2012_val_00035080.JPEG,0,227262
(ReadImage->Map(crop_and_flip_image) pid=12218),info,ai-ref-arch/imagenet-mini/val/n01774750/ILSVRC2012_val_00037576.JPEG,,
(ReadImage->Map(crop_and_flip_image) pid=12218),_open,ai-ref-arch/imagenet-mini/val/n01774750/ILSVRC2012_val_00037576.JPEG,,
(ReadImage->Map(crop_and_flip_image) pid=12218),info,s3://ai-ref-arch/imagenet-mini/val/n01774750/ILSVRC2012_val_00037576.JPEG,,
(ReadImage->Map(crop_and_flip_image) pid=12218),cat_file,s3://ai-ref-arch/imagenet-mini/val/n01774750/ILSVRC2012_val_00037576.JPEG,0,88203
(ReadImage->Map(crop_and_flip_image) pid=12218),info,ai-ref-arch/imagenet-mini/val/n01774750/ILSVRC2012_val_00041311.JPEG,,
(ReadImage->Map(crop_and_flip_image) pid=12218),_open,ai-ref-arch/imagenet-mini/val/n01774750/ILSVRC2012_val_00041311.JPEG,,
(ReadImage->Map(crop_and_flip_image) pid=12218),info,s3://ai-ref-arch/imagenet-mini/val/n01774750/ILSVRC2012_val_00041311.JPEG,,
(ReadImage->Map(crop_and_flip_image) pid=12218),cat_file,s3://ai-ref-arch/imagenet-mini/val/n01774750/ILSVRC2012_val_00041311.JPEG,0,131428
(ReadImage->Map(crop_and_flip_image) pid=12218),info,ai-ref-arch/imagenet-mini/val/n01775062/ILSVRC2012_val_00015835.JPEG,,info
(ReadImage->Map(crop_and_flip_image) pid=12218),info,ai-ref-arch/imagenet-mini/val/n01775062/ILSVRC2012_val_00048649.JPEG,,_open
(ReadImage->Map(crop_and_flip_image) pid=12218),info,s3://ai-ref-arch/imagenet-mini/val/n01775062/ILSVRC2012_val_00015835.JPEG,,
(ReadImage->Map(crop_and_flip_image) pid=12218),_open,ai-ref-arch/imagenet-mini/val/n01775062/ILSVRC2012_val_00026848.JPEG,,
(ReadImage->Map(crop_and_flip_image) pid=12218),info,s3://ai-ref-arch/imagenet-mini/val/n01775062/ILSVRC2012_val_00026848.JPEG,,
(ReadImage->Map(crop_and_flip_image) pid=12218),_open,ai-ref-arch/imagenet-mini/val/n01775062/ILSVRC2012_val_00048649.JPEG,,
(ReadImage->Map(crop_and_flip_image) pid=12218),info,s3://ai-ref-arch/imagenet-mini/val/n01775062/ILSVRC2012_val_00048649.JPEG,,
(ReadImage->Map(crop_and_flip_image) pid=12218),info,ai-ref-arch/imagenet-mini/val/n01776313/ILSVRC2012_val_00000679.JPEG,,
(ReadImage->Map(crop_and_flip_image) pid=12218),cat_file,s3://ai-ref-arch/imagenet-mini/val/n01775062/ILSVRC2012_val_00026848.JPEG,0,77157
(ReadImage->Map(crop_and_flip_image) pid=12218),cat_file,s3://ai-ref-arch/imagenet-mini/val/n01775062/ILSVRC2012_val_00048649.JPEG,0,217503
(ReadImage->Map(crop_and_flip_image) pid=12218),info,ai-ref-arch/imagenet-mini/val/n01776313/ILSVRC2012_val_00001766.JPEG,,cat_file
(ReadImage->Map(crop_and_flip_image) pid=12218),info,s3://ai-ref-arch/imagenet-mini/val/n01776313/ILSVRC2012_val_00000679.JPEG,,
(ReadImage->Map(crop_and_flip_image) pid=12218),_open,ai-ref-arch/imagenet-mini/val/n01776313/ILSVRC2012_val_00001766.JPEG,,info
(ReadImage->Map(crop_and_flip_image) pid=12218),info,ai-ref-arch/imagenet-mini/val/n01776313/ILSVRC2012_val_00014587.JPEG,,
(ReadImage->Map(crop_and_flip_image) pid=12218),info,ai-ref-arch/imagenet-mini/val/n01776313/ILSVRC2012_val_00005788.JPEG,,cat_file
(ReadImage->Map(crop_and_flip_image) pid=12218),_open,ai-ref-arch/imagenet-mini/val/n01776313/ILSVRC2012_val_00007065.JPEG,,cat_file
(ReadImage->Map(crop_and_flip_image) pid=12218),info,ai-ref-arch/imagenet-mini/val/n01776313/ILSVRC2012_val_00016227.JPEG,,
(ReadImage->Map(crop_and_flip_image) pid=12218),_open,ai-ref-arch/imagenet-mini/val/n01776313/ILSVRC2012_val_00014587.JPEG,,_open
(ReadImage->Map(crop_and_flip_image) pid=12218),info,ai-ref-arch/imagenet-mini/val/n01776313/ILSVRC2012_val_00023564.JPEG,,info
(ReadImage->Map(crop_and_flip_image) pid=12218),info,s3://ai-ref-arch/imagenet-mini/val/n01776313/ILSVRC2012_val_00014587.JPEG,,
(ReadImage->Map(crop_and_flip_image) pid=12218),info,s3://ai-ref-arch/imagenet-mini/val/n01776313/ILSVRC2012_val_00005788.JPEG,,_open
(ReadImage->Map(crop_and_flip_image) pid=12218),_open,ai-ref-arch/imagenet-mini/val/n01776313/ILSVRC2012_val_00023564.JPEG,,
(ReadImage->Map(crop_and_flip_image) pid=12218),cat_file,s3://ai-ref-arch/imagenet-mini/val/n01776313/ILSVRC2012_val_00014587.JPEG,0,19827
(ReadImage->Map(crop_and_flip_image) pid=12218),cat_file,s3://ai-ref-arch/imagenet-mini/val/n01776313/ILSVRC2012_val_00007065.JPEG,0,3348
(ReadImage->Map(crop_and_flip_image) pid=12218),info,s3://ai-ref-arch/imagenet-mini/val/n01776313/ILSVRC2012_val_00023564.JPEG,,
(ReadImage->Map(crop_and_flip_image) pid=12218),cat_file,s3://ai-ref-arch/imagenet-mini/val/n01776313/ILSVRC2012_val_00005788.JPEG,0,89199info
(ReadImage->Map(crop_and_flip_image) pid=12218),cat_file,s3://ai-ref-arch/imagenet-mini/val/n01776313/ILSVRC2012_val_00023564.JPEG,0,63542
(ReadImage->Map(crop_and_flip_image) pid=12218),cat_file,s3://ai-ref-arch/imagenet-mini/val/n01776313/ILSVRC2012_val_00016227.JPEG,0,13520
(ReadImage->Map(crop_and_flip_image) pid=12218),info,ai-ref-arch/imagenet-mini/val/n01776313/ILSVRC2012_val_00032783.JPEG,,
(ReadImage->Map(crop_and_flip_image) pid=12218),_open,ai-ref-arch/imagenet-mini/val/n01776313/ILSVRC2012_val_00032783.JPEG,,
(ReadImage->Map(crop_and_flip_image) pid=12218),info,s3://ai-ref-arch/imagenet-mini/val/n01776313/ILSVRC2012_val_00032783.JPEG,,
(ReadImage->Map(crop_and_flip_image) pid=12218),cat_file,s3://ai-ref-arch/imagenet-mini/val/n01776313/ILSVRC2012_val_00032783.JPEG,0,57251
(ReadImage->Map(crop_and_flip_image) pid=12218),info,ai-ref-arch/imagenet-mini/val/n01776313/ILSVRC2012_val_00035573.JPEG,,
(ReadImage->Map(crop_and_flip_image) pid=12218),_open,ai-ref-arch/imagenet-mini/val/n01776313/ILSVRC2012_val_00035573.JPEG,,
(ReadImage->Map(crop_and_flip_image) pid=12218),info,s3://ai-ref-arch/imagenet-mini/val/n01776313/ILSVRC2012_val_00035573.JPEG,,
(ReadImage->Map(crop_and_flip_image) pid=12218),cat_file,s3://ai-ref-arch/imagenet-mini/val/n01776313/ILSVRC2012_val_00035573.JPEG,0,28789info
(ReadImage->Map(crop_and_flip_image) pid=12218),_open,ai-ref-arch/imagenet-mini/val/n01776313/ILSVRC2012_val_00042899.JPEG,,
(ReadImage->Map(crop_and_flip_image) pid=12218),info,s3://ai-ref-arch/imagenet-mini/val/n01776313/ILSVRC2012_val_00042899.JPEG,,
(ReadImage->Map(crop_and_flip_image) pid=12218),cat_file,s3://ai-ref-arch/imagenet-mini/val/n01776313/ILSVRC2012_val_00042899.JPEG,0,67227
(ReadImage->Map(crop_and_flip_image) pid=12218),info,ai-ref-arch/imagenet-mini/val/n01776313/ILSVRC2012_val_00046868.JPEG,,
(ReadImage->Map(crop_and_flip_image) pid=12218),_open,ai-ref-arch/imagenet-mini/val/n01776313/ILSVRC2012_val_00046868.JPEG,,
(ReadImage->Map(crop_and_flip_image) pid=12218),info,s3://ai-ref-arch/imagenet-mini/val/n01776313/ILSVRC2012_val_00046868.JPEG,,
(ReadImage->Map(crop_and_flip_image) pid=12218),cat_file,s3://ai-ref-arch/imagenet-mini/val/n01776313/ILSVRC2012_val_00046868.JPEG,0,75307
(ReadImage->Map(crop_and_flip_image) pid=12218),info,ai-ref-arch/imagenet-mini/val/n01784675/ILSVRC2012_val_00005536.JPEG,,
(ReadImage->Map(crop_and_flip_image) pid=12218),_open,ai-ref-arch/imagenet-mini/val/n01784675/ILSVRC2012_val_00005536.JPEG,,
(ReadImage->Map(crop_and_flip_image) pid=12218),info,s3://ai-ref-arch/imagenet-mini/val/n01784675/ILSVRC2012_val_00005536.JPEG,,
(ReadImage->Map(crop_and_flip_image) pid=12218),info,ai-ref-arch/imagenet-mini/val/n01784675/ILSVRC2012_val_00020046.JPEG,,
(ReadImage->Map(crop_and_flip_image) pid=12218),cat_file,s3://ai-ref-arch/imagenet-mini/val/n01784675/ILSVRC2012_val_00005536.JPEG,0,55804
(ReadImage->Map(crop_and_flip_image) pid=12218),_open,ai-ref-arch/imagenet-mini/val/n01784675/ILSVRC2012_val_00020046.JPEG,,
(ReadImage->Map(crop_and_flip_image) pid=12218),info,s3://ai-ref-arch/imagenet-mini/val/n01784675/ILSVRC2012_val_00020046.JPEG,,
(ReadImage->Map(crop_and_flip_image) pid=12218),cat_file,s3://ai-ref-arch/imagenet-mini/val/n01784675/ILSVRC2012_val_00020046.JPEG,0,77435
(ReadImage->Map(crop_and_flip_image) pid=12218),info,ai-ref-arch/imagenet-mini/val/n01784675/ILSVRC2012_val_00040763.JPEG,,
(ReadImage->Map(crop_and_flip_image) pid=12218),_open,ai-ref-arch/imagenet-mini/val/n01784675/ILSVRC2012_val_00040763.JPEG,,
(ReadImage->Map(crop_and_flip_image) pid=12218),info,s3://ai-ref-arch/imagenet-mini/val/n01784675/ILSVRC2012_val_00040763.JPEG,,
(ReadImage->Map(crop_and_flip_image) pid=12218),info,ai-ref-arch/imagenet-mini/val/n01784675/ILSVRC2012_val_00044649.JPEG,,
(ReadImage->Map(crop_and_flip_image) pid=12218),cat_file,s3://ai-ref-arch/imagenet-mini/val/n01784675/ILSVRC2012_val_00040763.JPEG,0,107590
(ReadImage->Map(crop_and_flip_image) pid=12218),_open,ai-ref-arch/imagenet-mini/val/n01784675/ILSVRC2012_val_00044649.JPEG,,
(ReadImage->Map(crop_and_flip_image) pid=12218),info,s3://ai-ref-arch/imagenet-mini/val/n01784675/ILSVRC2012_val_00044649.JPEG,,
(ReadImage->Map(crop_and_flip_image) pid=12218),cat_file,s3://ai-ref-arch/imagenet-mini/val/n01784675/ILSVRC2012_val_00044649.JPEG,0,163008
(ReadImage->Map(crop_and_flip_image) pid=12218),info,ai-ref-arch/imagenet-mini/val/n01795545/ILSVRC2012_val_00007126.JPEG,,
(ReadImage->Map(crop_and_flip_image) pid=12218),_open,ai-ref-arch/imagenet-mini/val/n01795545/ILSVRC2012_val_00007126.JPEG,,
(ReadImage->Map(crop_and_flip_image) pid=12218),info,s3://ai-ref-arch/imagenet-mini/val/n01795545/ILSVRC2012_val_00007126.JPEG,,
(ReadImage->Map(crop_and_flip_image) pid=12218),cat_file,s3://ai-ref-arch/imagenet-mini/val/n01795545/ILSVRC2012_val_00007126.JPEG,0,111414
(ReadImage->Map(crop_and_flip_image) pid=12218),info,ai-ref-arch/imagenet-mini/val/n01795545/ILSVRC2012_val_00007323.JPEG,,
(ReadImage->Map(crop_and_flip_image) pid=12218),_open,ai-ref-arch/imagenet-mini/val/n01795545/ILSVRC2012_val_00007323.JPEG,,
(ReadImage->Map(crop_and_flip_image) pid=12218),info,s3://ai-ref-arch/imagenet-mini/val/n01795545/ILSVRC2012_val_00007323.JPEG,,
(ReadImage->Map(crop_and_flip_image) pid=12218),cat_file,s3://ai-ref-arch/imagenet-mini/val/n01795545/ILSVRC2012_val_00007323.JPEG,0,174837
(ReadImage->Map(crop_and_flip_image) pid=12218),info,ai-ref-arch/imagenet-mini/val/n01795545/ILSVRC2012_val_00047404.JPEG,,
(ReadImage->Map(crop_and_flip_image) pid=12218),info,ai-ref-arch/imagenet-mini/val/n01796340/ILSVRC2012_val_00006847.JPEG,,
(ReadImage->Map(crop_and_flip_image) pid=12218),info,ai-ref-arch/imagenet-mini/val/n01796340/ILSVRC2012_val_00031432.JPEG,,info
(ReadImage->Map(crop_and_flip_image) pid=12218),_open,ai-ref-arch/imagenet-mini/val/n01796340/ILSVRC2012_val_00006847.JPEG,,info
(ReadImage->Map(crop_and_flip_image) pid=12218),info,ai-ref-arch/imagenet-mini/val/n01796340/ILSVRC2012_val_00046574.JPEG,,
(ReadImage->Map(crop_and_flip_image) pid=12218),_open,ai-ref-arch/imagenet-mini/val/n01797886/ILSVRC2012_val_00021417.JPEG,,_open
(ReadImage->Map(crop_and_flip_image) pid=12218),_open,ai-ref-arch/imagenet-mini/val/n01796340/ILSVRC2012_val_00045392.JPEG,,_open
(ReadImage->Map(crop_and_flip_image) pid=12218),info,s3://ai-ref-arch/imagenet-mini/val/n01796340/ILSVRC2012_val_00006847.JPEG,,
(ReadImage->Map(crop_and_flip_image) pid=12218),info,s3://ai-ref-arch/imagenet-mini/val/n01796340/ILSVRC2012_val_00031432.JPEG,,
(ReadImage->Map(crop_and_flip_image) pid=12218),info,s3://ai-ref-arch/imagenet-mini/val/n01797886/ILSVRC2012_val_00021417.JPEG,,
(ReadImage->Map(crop_and_flip_image) pid=12218),_open,ai-ref-arch/imagenet-mini/val/n01798484/ILSVRC2012_val_00002395.JPEG,,_open
(ReadImage->Map(crop_and_flip_image) pid=12218),_open,ai-ref-arch/imagenet-mini/val/n01796340/ILSVRC2012_val_00046574.JPEG,,
(ReadImage->Map(crop_and_flip_image) pid=12218),info,s3://ai-ref-arch/imagenet-mini/val/n01798484/ILSVRC2012_val_00002395.JPEG,,
(ReadImage->Map(crop_and_flip_image) pid=12218),info,s3://ai-ref-arch/imagenet-mini/val/n01797886/ILSVRC2012_val_00019885.JPEG,,info
(ReadImage->Map(crop_and_flip_image) pid=12218),info,s3://ai-ref-arch/imagenet-mini/val/n01796340/ILSVRC2012_val_00046574.JPEG,,info
(ReadImage->Map(crop_and_flip_image) pid=12218),cat_file,s3://ai-ref-arch/imagenet-mini/val/n01797886/ILSVRC2012_val_00019885.JPEG,0,188648
(ReadImage->Map(crop_and_flip_image) pid=12218),cat_file,s3://ai-ref-arch/imagenet-mini/val/n01798484/ILSVRC2012_val_00002395.JPEG,0,160423
(ReadImage->Map(crop_and_flip_image) pid=12218),cat_file,s3://ai-ref-arch/imagenet-mini/val/n01796340/ILSVRC2012_val_00006847.JPEG,0,200786cat_file
(ReadImage->Map(crop_and_flip_image) pid=12218),cat_file,s3://ai-ref-arch/imagenet-mini/val/n01796340/ILSVRC2012_val_00045392.JPEG,0,40014
(ReadImage->Map(crop_and_flip_image) pid=12218),info,ai-ref-arch/imagenet-mini/val/n01798484/ILSVRC2012_val_00020239.JPEG,,info
(ReadImage->Map(crop_and_flip_image) pid=12218),_open,ai-ref-arch/imagenet-mini/val/n01798484/ILSVRC2012_val_00020239.JPEG,,
(ReadImage->Map(crop_and_flip_image) pid=12218),info,s3://ai-ref-arch/imagenet-mini/val/n01798484/ILSVRC2012_val_00020239.JPEG,,
(ReadImage->Map(crop_and_flip_image) pid=12218),_open,ai-ref-arch/imagenet-mini/val/n01798484/ILSVRC2012_val_00049203.JPEG,,
(ReadImage->Map(crop_and_flip_image) pid=12218),info,s3://ai-ref-arch/imagenet-mini/val/n01798484/ILSVRC2012_val_00049203.JPEG,,
(ReadImage->Map(crop_and_flip_image) pid=12218),cat_file,s3://ai-ref-arch/imagenet-mini/val/n01798484/ILSVRC2012_val_00020239.JPEG,0,174067
(ReadImage->Map(crop_and_flip_image) pid=12218),cat_file,s3://ai-ref-arch/imagenet-mini/val/n01798484/ILSVRC2012_val_00049203.JPEG,0,105840
(ReadImage->Map(crop_and_flip_image) pid=12218),info,ai-ref-arch/imagenet-mini/val/n01806143/ILSVRC2012_val_00022422.JPEG,,
(ReadImage->Map(crop_and_flip_image) pid=12218),_open,ai-ref-arch/imagenet-mini/val/n01806143/ILSVRC2012_val_00022422.JPEG,,
(ReadImage->Map(crop_and_flip_image) pid=12218),info,s3://ai-ref-arch/imagenet-mini/val/n01806143/ILSVRC2012_val_00022422.JPEG,,
(ReadImage->Map(crop_and_flip_image) pid=12218),cat_file,s3://ai-ref-arch/imagenet-mini/val/n01806143/ILSVRC2012_val_00022422.JPEG,0,213922
(ReadImage->Map(crop_and_flip_image) pid=12218),info,ai-ref-arch/imagenet-mini/val/n01806143/ILSVRC2012_val_00030028.JPEG,,
(ReadImage->Map(crop_and_flip_image) pid=12218),_open,ai-ref-arch/imagenet-mini/val/n01806143/ILSVRC2012_val_00030028.JPEG,,
(ReadImage->Map(crop_and_flip_image) pid=12218),info,s3://ai-ref-arch/imagenet-mini/val/n01806143/ILSVRC2012_val_00030028.JPEG,,
(ReadImage->Map(crop_and_flip_image) pid=12218),cat_file,s3://ai-ref-arch/imagenet-mini/val/n01806143/ILSVRC2012_val_00030028.JPEG,0,220090
(ReadImage->Map(crop_and_flip_image) pid=12218),info,ai-ref-arch/imagenet-mini/val/n01806143/ILSVRC2012_val_00038324.JPEG,,
(ReadImage->Map(crop_and_flip_image) pid=12218),_open,ai-ref-arch/imagenet-mini/val/n01806143/ILSVRC2012_val_00038324.JPEG,,
(ReadImage->Map(crop_and_flip_image) pid=12218),info,s3://ai-ref-arch/imagenet-mini/val/n01806143/ILSVRC2012_val_00038324.JPEG,,
(ReadImage->Map(crop_and_flip_image) pid=12218),cat_file,s3://ai-ref-arch/imagenet-mini/val/n01806143/ILSVRC2012_val_00038324.JPEG,0,184645
(ReadImage->Map(crop_and_flip_image) pid=12218),info,ai-ref-arch/imagenet-mini/val/n01806567/ILSVRC2012_val_00013364.JPEG,,
(ReadImage->Map(crop_and_flip_image) pid=12218),_open,ai-ref-arch/imagenet-mini/val/n01806567/ILSVRC2012_val_00013364.JPEG,,
(ReadImage->Map(crop_and_flip_image) pid=12218),info,s3://ai-ref-arch/imagenet-mini/val/n01806567/ILSVRC2012_val_00013364.JPEG,,
(ReadImage->Map(crop_and_flip_image) pid=12218),cat_file,s3://ai-ref-arch/imagenet-mini/val/n01806567/ILSVRC2012_val_00013364.JPEG,0,198619
(ReadImage->Map(crop_and_flip_image) pid=12218),info,ai-ref-arch/imagenet-mini/val/n01806567/ILSVRC2012_val_00033162.JPEG,,
(ReadImage->Map(crop_and_flip_image) pid=12218),_open,ai-ref-arch/imagenet-mini/val/n01806567/ILSVRC2012_val_00033162.JPEG,,
(ReadImage->Map(crop_and_flip_image) pid=12218),info,s3://ai-ref-arch/imagenet-mini/val/n01806567/ILSVRC2012_val_00033162.JPEG,,
(ReadImage->Map(crop_and_flip_image) pid=12218),cat_file,s3://ai-ref-arch/imagenet-mini/val/n01806567/ILSVRC2012_val_00033162.JPEG,0,97351
(ReadImage->Map(crop_and_flip_image) pid=12218),info,ai-ref-arch/imagenet-mini/val/n01806567/ILSVRC2012_val_00046089.JPEG,,
(ReadImage->Map(crop_and_flip_image) pid=12218),_open,ai-ref-arch/imagenet-mini/val/n01806567/ILSVRC2012_val_00046089.JPEG,,
(ReadImage->Map(crop_and_flip_image) pid=12218),info,s3://ai-ref-arch/imagenet-mini/val/n01806567/ILSVRC2012_val_00046089.JPEG,,
(ReadImage->Map(crop_and_flip_image) pid=12218),cat_file,s3://ai-ref-arch/imagenet-mini/val/n01806567/ILSVRC2012_val_00046089.JPEG,0,130048
(ReadImage->Map(crop_and_flip_image) pid=12218),info,ai-ref-arch/imagenet-mini/val/n01807496/ILSVRC2012_val_00035476.JPEG,,
(ReadImage->Map(crop_and_flip_image) pid=12218),_open,ai-ref-arch/imagenet-mini/val/n01807496/ILSVRC2012_val_00035476.JPEG,,
(ReadImage->Map(crop_and_flip_image) pid=12218),info,s3://ai-ref-arch/imagenet-mini/val/n01807496/ILSVRC2012_val_00035476.JPEG,,
(ReadImage->Map(crop_and_flip_image) pid=12218),info,ai-ref-arch/imagenet-mini/val/n01807496/ILSVRC2012_val_00036675.JPEG,,
(ReadImage->Map(crop_and_flip_image) pid=12218),cat_file,s3://ai-ref-arch/imagenet-mini/val/n01807496/ILSVRC2012_val_00035476.JPEG,0,156240
(ReadImage->Map(crop_and_flip_image) pid=12218),_open,ai-ref-arch/imagenet-mini/val/n01807496/ILSVRC2012_val_00036675.JPEG,,
(ReadImage->Map(crop_and_flip_image) pid=12218),info,s3://ai-ref-arch/imagenet-mini/val/n01807496/ILSVRC2012_val_00036675.JPEG,,
(ReadImage->Map(crop_and_flip_image) pid=12218),cat_file,s3://ai-ref-arch/imagenet-mini/val/n01807496/ILSVRC2012_val_00036675.JPEG,0,146615
(ReadImage->Map(crop_and_flip_image) pid=12218),info,ai-ref-arch/imagenet-mini/val/n01807496/ILSVRC2012_val_00039412.JPEG,,
(ReadImage->Map(crop_and_flip_image) pid=12218),_open,ai-ref-arch/imagenet-mini/val/n01807496/ILSVRC2012_val_00039412.JPEG,,
(ReadImage->Map(crop_and_flip_image) pid=12218),info,s3://ai-ref-arch/imagenet-mini/val/n01807496/ILSVRC2012_val_00039412.JPEG,,
(ReadImage->Map(crop_and_flip_image) pid=12218),cat_file,s3://ai-ref-arch/imagenet-mini/val/n01807496/ILSVRC2012_val_00039412.JPEG,0,166051
(ReadImage->Map(crop_and_flip_image) pid=12218),info,ai-ref-arch/imagenet-mini/val/n01817953/ILSVRC2012_val_00002791.JPEG,,
(ReadImage->Map(crop_and_flip_image) pid=12218),_open,ai-ref-arch/imagenet-mini/val/n01817953/ILSVRC2012_val_00002791.JPEG,,
(ReadImage->Map(crop_and_flip_image) pid=12218),info,s3://ai-ref-arch/imagenet-mini/val/n01817953/ILSVRC2012_val_00002791.JPEG,,
(ReadImage->Map(crop_and_flip_image) pid=12218),cat_file,s3://ai-ref-arch/imagenet-mini/val/n01817953/ILSVRC2012_val_00002791.JPEG,0,122329
(ReadImage->Map(crop_and_flip_image) pid=12218),cat_file,s3://ai-ref-arch/imagenet-mini/val/n02488291/ILSVRC2012_val_00025546.JPEG,0,32303[32m [repeated 5794x across cluster] (Ray deduplicates logs by default. Set RAY_DEDUP_LOGS=0 to disable log deduplication
(ReadImage->Map(crop_and_flip_image) pid=12342),info,s3://ai-ref-arch/imagenet-mini/val/n13054560/ILSVRC2012_val_00019196.JPEG,,_open
(ReadImage->Map(crop_and_flip_image) pid=12350),info,ai-ref-arch/imagenet-mini/val/n02100583/ILSVRC2012_val_00017439.JPEG,,[32m [repeated 11015x across cluster]
(ReadImage->Map(crop_and_flip_image) pid=12218),info,ai-ref-arch/imagenet-mini/val/n04346328/ILSVRC2012_val_00011607.JPEG,,[32m [repeated 11127x across cluster]
(ReadImage->Map(crop_and_flip_image) pid=12350),cat_file,s3://ai-ref-arch/imagenet-mini/val/n02906734/ILSVRC2012_val_00041911.JPEG,0,213420[32m [repeated 10251x across cluster]
(ReadImage->Map(crop_and_flip_image) pid=12349),info,ai-ref-arch/imagenet-mini/val/n01843065/ILSVRC2012_val_00039281.JPEG,,[32m [repeated 11109x across cluster]
(ReadImage->Map(crop_and_flip_image) pid=12218),cat_file,s3://ai-ref-arch/imagenet-mini/val/n10565667/ILSVRC2012_val_00048635.JPEG,0,136193[32m [repeated 5034x across cluster]
